ticker,date,gvkey,comp_name,fiscal_year,fiscal_quarter,assets,net_income,ebitda,revenue,rd_expense,cap_ex_ytd,sector_code
AAPL,2005-03-31,1690,APPLE INC,2005,2,10111.0,286.0,438.0,3243.0,120.0,101.0,45
AAPL,2005-06-30,1690,APPLE INC,2005,3,10488.0,319.0,472.0,3520.0,145.0,164.0,45
AAPL,2005-09-30,1690,APPLE INC,2005,4,11551.0,428.0,468.0,3678.0,147.0,260.0,45
AAPL,2005-12-31,1690,APPLE INC,2006,1,14181.0,565.0,802.0,5749.0,182.0,82.0,45
AAPL,2006-03-31,1690,APPLE INC,2006,2,13911.0,410.0,579.0,4359.0,176.0,275.0,45
AAPL,2006-06-30,1690,APPLE INC,2006,3,15114.0,472.0,623.0,4370.0,175.0,512.0,45
AAPL,2006-09-30,1690,APPLE INC,2006,4,17205.0,542.0,674.0,4837.0,179.0,657.0,45
AAPL,2006-12-31,1690,APPLE INC,2007,1,19461.0,1004.0,1396.0,7115.0,184.0,142.0,45
AAPL,2007-03-31,1690,APPLE INC,2007,2,18711.0,770.0,1055.0,5264.0,183.0,247.0,45
AAPL,2007-06-30,1690,APPLE INC,2007,3,21647.0,818.0,1122.0,5410.0,208.0,530.0,45
AAPL,2007-09-30,1690,APPLE INC,2007,4,25347.0,904.0,1153.0,6217.0,207.0,735.0,45
AAPL,2007-12-31,1690,APPLE INC,2008,1,30039.0,1581.0,2232.0,9608.0,246.0,224.0,45
AAPL,2008-03-31,1690,APPLE INC,2008,2,30471.0,1045.0,1431.0,7512.0,273.0,384.0,45
AAPL,2008-06-30,1690,APPLE INC,2008,3,31709.0,1072.0,1509.0,7464.0,292.0,688.0,45
AAPL,2008-09-30,1690,APPLE INC,2008,4,39572.0,1136.0,1576.0,7895.0,298.0,1091.0,45
AAPL,2008-12-31,1690,APPLE INC,2009,1,42787.0,2255.0,3269.0,11880.0,315.0,339.0,45
AAPL,2009-03-31,1690,APPLE INC,2009,2,43237.0,1620.0,2504.0,9084.0,319.0,439.0,45
AAPL,2009-06-30,1690,APPLE INC,2009,3,48140.0,1828.0,2814.0,9734.0,341.0,685.0,45
AAPL,2009-09-30,1690,APPLE INC,2009,4,47501.0,2532.0,3887.0,12207.0,358.0,1144.0,45
AAPL,2009-12-31,1690,APPLE INC,2010,1,53926.0,3378.0,4934.0,15683.0,398.0,376.0,45
AAPL,2010-03-31,1690,APPLE INC,2010,2,57057.0,3074.0,4195.0,13499.0,426.0,650.0,45
AAPL,2010-06-30,1690,APPLE INC,2010,3,64725.0,3253.0,4507.0,15700.0,464.0,1245.0,45
AAPL,2010-09-30,1690,APPLE INC,2010,4,75183.0,4308.0,5776.0,20343.0,494.0,2005.0,45
AAPL,2010-12-31,1690,APPLE INC,2011,1,86742.0,6004.0,8183.0,26741.0,575.0,1214.0,45
AAPL,2011-03-31,1690,APPLE INC,2011,2,94904.0,5987.0,8308.0,24667.0,581.0,1838.0,45
AAPL,2011-06-30,1690,APPLE INC,2011,3,106758.0,7308.0,9860.0,28571.0,628.0,2615.0,45
AAPL,2011-09-30,1690,APPLE INC,2011,4,116371.0,6623.0,9253.0,28270.0,645.0,4260.0,45
AAPL,2011-12-31,1690,APPLE INC,2012,1,138681.0,13064.0,18061.0,46333.0,758.0,1321.0,45
AAPL,2012-03-31,1690,APPLE INC,2012,2,150934.0,11622.0,16124.0,39186.0,841.0,2778.0,45
AAPL,2012-06-30,1690,APPLE INC,2012,3,162896.0,8824.0,12408.0,35023.0,876.0,4834.0,45
AAPL,2012-09-30,1690,APPLE INC,2012,4,176064.0,8223.0,11925.0,35966.0,906.0,8295.0,45
AAPL,2012-12-31,1690,APPLE INC,2013,1,196088.0,13078.0,18798.0,54512.0,1010.0,2317.0,45
AAPL,2013-03-31,1690,APPLE INC,2013,2,194743.0,9547.0,14250.0,43603.0,1119.0,4325.0,45
AAPL,2013-06-30,1690,APPLE INC,2013,3,199856.0,6900.0,10895.0,35323.0,1178.0,6210.0,45
AAPL,2013-09-30,1690,APPLE INC,2013,4,207000.0,7512.0,11813.0,37472.0,1168.0,8165.0,45
AAPL,2013-12-31,1690,APPLE INC,2014,1,225184.0,13072.0,19607.0,57594.0,1330.0,1985.0,45
AAPL,2014-03-31,1690,APPLE INC,2014,2,205989.0,10223.0,15480.0,45646.0,1422.0,3367.0,45
AAPL,2014-06-30,1690,APPLE INC,2014,3,222520.0,7748.0,12228.0,37432.0,1603.0,5745.0,45
AAPL,2014-09-30,1690,APPLE INC,2014,4,231839.0,8467.0,13134.0,42123.0,1686.0,9571.0,45
AAPL,2014-12-31,1690,APPLE INC,2015,1,261894.0,18024.0,26821.0,74599.0,1895.0,3217.0,45
AAPL,2015-03-31,1690,APPLE INC,2015,2,261194.0,13569.0,20757.0,58010.0,1918.0,5586.0,45
AAPL,2015-06-30,1690,APPLE INC,2015,3,273151.0,10677.0,17167.0,49605.0,2034.0,7629.0,45
AAPL,2015-09-30,1690,APPLE INC,2015,4,290479.0,11124.0,17742.0,51501.0,2220.0,11247.0,45
AAPL,2015-12-31,1690,APPLE INC,2016,1,293284.0,18361.0,26577.0,75324.0,2404.0,3612.0,45
AAPL,2016-03-31,1690,APPLE INC,2016,2,305277.0,10516.0,16464.0,50557.0,2511.0,5948.0,45
AAPL,2016-06-30,1690,APPLE INC,2016,3,305602.0,7796.0,12631.0,42358.0,2560.0,8757.0,45
AAPL,2016-09-30,1690,APPLE INC,2016,4,321686.0,9014.0,14309.0,46852.0,2570.0,12734.0,45
AAPL,2016-12-31,1690,APPLE INC,2017,1,331141.0,17891.0,26346.0,78351.0,2871.0,3334.0,45
AAPL,2017-03-31,1690,APPLE INC,2017,2,334532.0,11029.0,16429.0,52896.0,2776.0,6309.0,45
AAPL,2017-06-30,1690,APPLE INC,2017,3,345173.0,8717.0,13122.0,45408.0,2937.0,8586.0,45
AAPL,2017-09-30,1690,APPLE INC,2017,4,375319.0,10714.0,15604.0,52579.0,2997.0,12451.0,45
AAPL,2017-12-31,1690,APPLE INC,2018,1,406794.0,20065.0,29019.0,88293.0,3407.0,2810.0,45
AAPL,2018-03-31,1690,APPLE INC,2018,2,367502.0,13822.0,18633.0,61137.0,3378.0,7005.0,45
AAPL,2018-06-30,1690,APPLE INC,2018,3,349197.0,11519.0,15041.0,53029.0,3701.0,10272.0,45
AAPL,2018-09-30,1690,APPLE INC,2018,4,365725.0,14125.0,18872.0,62900.0,3750.0,13313.0,45
AAPL,2018-12-31,1690,APPLE INC,2019,1,373719.0,19965.0,26741.0,84310.0,3902.0,3355.0,45
AAPL,2019-03-31,1690,APPLE INC,2019,2,341998.0,11561.0,16455.0,58015.0,3948.0,5718.0,45
AAPL,2019-06-30,1690,APPLE INC,2019,3,322239.0,10044.0,14477.0,53809.0,4257.0,7718.0,45
AAPL,2019-09-30,1690,APPLE INC,2019,4,338516.0,13686.0,18804.0,64040.0,4110.0,10495.0,45
AAPL,2019-12-31,1690,APPLE INC,2020,1,340618.0,22236.0,28385.0,91819.0,4451.0,2107.0,45
AAPL,2020-03-31,1690,APPLE INC,2020,2,320400.0,11249.0,15639.0,58313.0,4565.0,3960.0,45
AAPL,2020-06-30,1690,APPLE INC,2020,3,317344.0,11253.0,15843.0,59685.0,4758.0,5525.0,45
AAPL,2020-09-30,1690,APPLE INC,2020,4,323888.0,12673.0,17477.0,64698.0,4978.0,7309.0,45
AAPL,2020-12-31,1690,APPLE INC,2021,1,354054.0,28755.0,36200.0,111439.0,5163.0,3500.0,45
AAPL,2021-03-31,1690,APPLE INC,2021,2,337158.0,23630.0,30300.0,89584.0,5262.0,5769.0,45
AAPL,2021-06-30,1690,APPLE INC,2021,3,329840.0,21744.0,26958.0,81434.0,5717.0,7862.0,45
AAPL,2021-09-30,1690,APPLE INC,2021,4,351002.0,20551.0,26775.0,83360.0,5772.0,11085.0,45
AAPL,2021-12-31,1690,APPLE INC,2022,1,381191.0,34630.0,44185.0,123945.0,6306.0,2803.0,45
AAPL,2022-03-31,1690,APPLE INC,2022,2,350662.0,25010.0,32716.0,97278.0,6387.0,5317.0,45
AAPL,2022-06-30,1690,APPLE INC,2022,3,336309.0,19442.0,25881.0,82959.0,6797.0,7419.0,45
AAPL,2022-09-30,1690,APPLE INC,2022,4,352755.0,20721.0,27759.0,90146.0,6761.0,10708.0,45
AAPL,2022-12-31,1690,APPLE INC,2023,1,346747.0,29998.0,38932.0,117154.0,7709.0,3787.0,45
AAPL,2023-03-31,1690,APPLE INC,2023,2,332160.0,24160.0,31216.0,94836.0,7457.0,6703.0,45
AAPL,2023-06-30,1690,APPLE INC,2023,3,335038.0,19881.0,26050.0,81797.0,7442.0,8796.0,45
AAPL,2023-09-30,1690,APPLE INC,2023,4,352583.0,22956.0,29622.0,89498.0,7307.0,10959.0,45
AAPL,2023-12-31,1690,APPLE INC,2024,1,353514.0,33916.0,43221.0,119575.0,7696.0,2392.0,45
AAPL,2024-03-31,1690,APPLE INC,2024,2,337411.0,23636.0,30736.0,90753.0,7903.0,4388.0,45
AAPL,2024-06-30,1690,APPLE INC,2024,3,331612.0,21448.0,28202.0,85777.0,8006.0,6539.0,45
AAPL,2024-09-30,1690,APPLE INC,2024,4,364980.0,14736.0,32502.0,94930.0,7765.0,9447.0,45
AAPL,2024-12-31,1690,APPLE INC,2025,1,344085.0,36330.0,45912.0,124300.0,8268.0,2940.0,45
AAPL,2025-03-31,1690,APPLE INC,2025,2,331233.0,24780.0,32250.0,95359.0,8550.0,6011.0,45
AAPL,2025-06-30,1690,APPLE INC,2025,3,331495.0,23434.0,31032.0,94036.0,8866.0,9473.0,45
AAPL,2025-09-30,1690,APPLE INC,2025,4,359241.0,27466.0,35554.0,102466.0,8866.0,12715.0,45
AAPL,2025-12-31,1690,APPLE INC,2026,1,379297.0,42097.0,54066.0,143756.0,10887.0,2373.0,45
F,2005-03-31,4839,FORD MOTOR CO,2005,1,280588.0,875.0,6262.0,44895.0,,1561.0,25
F,2005-06-30,4839,FORD MOTOR CO,2005,2,276834.0,1215.0,5706.0,45166.0,,3572.0,25
F,2005-09-30,4839,FORD MOTOR CO,2005,3,268295.0,-576.0,4018.0,40510.0,,5462.0,25
F,2005-12-31,4839,FORD MOTOR CO,2005,4,269459.0,-74.0,4947.0,46325.0,8000.0,7517.0,25
F,2006-03-31,4839,FORD MOTOR CO,2006,1,269075.0,-1423.0,2508.0,40789.0,,1838.0,25
F,2006-06-30,4839,FORD MOTOR CO,2006,2,277025.0,-317.0,4071.0,41878.0,,3403.0,25
F,2006-09-30,4839,FORD MOTOR CO,2006,3,267465.0,-5248.0,-1836.0,37095.0,,5242.0,25
F,2006-12-31,4839,FORD MOTOR CO,2006,4,278554.0,-5625.0,3586.0,40303.0,7200.0,6848.0,25
F,2007-03-31,4839,FORD MOTOR CO,2007,1,272210.0,-282.0,5595.0,43019.0,,1296.0,25
F,2007-06-30,4839,FORD MOTOR CO,2007,2,279218.0,750.0,6191.0,44242.0,,2637.0,25
F,2007-09-30,4839,FORD MOTOR CO,2007,3,276163.0,-380.0,5995.0,41078.0,,4215.0,25
F,2007-12-31,4839,FORD MOTOR CO,2007,4,279264.0,-2811.0,3408.0,44116.0,7500.0,6022.0,25
F,2008-03-31,4839,FORD MOTOR CO,2008,1,282913.0,70.0,5758.0,43292.0,,1490.0,25
F,2008-06-30,4839,FORD MOTOR CO,2008,2,265297.0,-8697.0,-1158.0,41102.0,,3128.0,25
F,2008-09-30,4839,FORD MOTOR CO,2008,3,242065.0,-161.0,4695.0,31746.0,,4875.0,25
F,2008-12-31,4839,FORD MOTOR CO,2008,4,218328.0,-5978.0,5742.0,28974.0,7300.0,6696.0,25
F,2009-03-31,4839,FORD MOTOR CO,2009,1,203134.0,-1427.0,1336.0,24390.0,,1366.0,25
F,2009-06-30,4839,FORD MOTOR CO,2009,2,200190.0,2261.0,1920.0,26810.0,,2388.0,25
F,2009-09-30,4839,FORD MOTOR CO,2009,3,203106.0,997.0,4309.0,30272.0,,3391.0,25
F,2009-12-31,4839,FORD MOTOR CO,2009,4,194850.0,886.0,3559.0,34811.0,4700.0,4561.0,25
F,2010-03-31,4839,FORD MOTOR CO,2010,1,191968.0,2085.0,4962.0,31566.0,,1068.0,25
F,2010-06-30,4839,FORD MOTOR CO,2010,2,179750.0,2599.0,5757.0,35067.0,,2027.0,25
F,2010-09-30,4839,FORD MOTOR CO,2010,3,177078.0,1687.0,4389.0,29893.0,,2946.0,25
F,2010-12-31,4839,FORD MOTOR CO,2010,4,164687.0,190.0,3699.0,32428.0,5000.0,4092.0,25
F,2011-03-31,4839,FORD MOTOR CO,2011,1,167391.0,2551.0,4991.0,33114.0,,929.0,25
F,2011-06-30,4839,FORD MOTOR CO,2011,2,168086.0,2398.0,4627.0,35527.0,,2022.0,25
F,2011-09-30,4839,FORD MOTOR CO,2011,3,162740.0,1649.0,3848.0,33047.0,,3135.0,25
F,2011-12-31,4839,FORD MOTOR CO,2011,4,178348.0,13615.0,3296.0,34576.0,5300.0,4293.0,25
F,2012-03-31,4839,FORD MOTOR CO,2012,1,182075.0,1396.0,4139.0,32445.0,,1093.0,25
F,2012-06-30,4839,FORD MOTOR CO,2012,2,181236.0,1040.0,3870.0,33211.0,,2284.0,25
F,2012-09-30,4839,FORD MOTOR CO,2012,3,184680.0,1631.0,3993.0,32172.0,,3603.0,25
F,2012-12-31,4839,FORD MOTOR CO,2012,4,190554.0,1598.0,2444.0,35731.0,5500.0,5488.0,25
F,2013-03-31,4839,FORD MOTOR CO,2013,1,193010.0,1611.0,3963.0,35649.0,,1483.0,25
F,2013-06-30,4839,FORD MOTOR CO,2013,2,196210.0,1233.0,3801.0,37923.0,,3077.0,25
F,2013-09-30,4839,FORD MOTOR CO,2013,3,201071.0,1272.0,4096.0,35775.0,,4659.0,25
F,2013-12-31,4839,FORD MOTOR CO,2013,4,202026.0,3039.0,2914.0,37570.0,6400.0,6597.0,25
F,2014-03-31,4839,FORD MOTOR CO,2014,1,207082.0,989.0,3150.0,35876.0,,1516.0,25
F,2014-06-30,4839,FORD MOTOR CO,2014,2,210945.0,1311.0,4326.0,37411.0,,3428.0,25
F,2014-09-30,4839,FORD MOTOR CO,2014,3,208835.0,835.0,3073.0,34920.0,,5309.0,25
F,2014-12-31,4839,FORD MOTOR CO,2014,4,208527.0,52.0,2940.0,35870.0,6900.0,7463.0,25
F,2015-03-31,4839,FORD MOTOR CO,2015,1,212374.0,1153.0,3806.0,33900.0,,1800.0,25
F,2015-06-30,4839,FORD MOTOR CO,2015,2,216045.0,2160.0,5113.0,37263.0,,3533.0,25
F,2015-09-30,4839,FORD MOTOR CO,2015,3,219431.0,2192.0,5288.0,38144.0,,5358.0,25
F,2015-12-31,4839,FORD MOTOR CO,2015,4,224925.0,1868.0,3866.0,40251.0,6700.0,7196.0,25
F,2016-03-31,4839,FORD MOTOR CO,2016,1,237288.0,2452.0,4209.0,37718.0,,1511.0,25
F,2016-06-30,4839,FORD MOTOR CO,2016,2,239678.0,1970.0,3721.0,39485.0,,3206.0,25
F,2016-09-30,4839,FORD MOTOR CO,2016,3,234963.0,957.0,2329.0,35943.0,,4912.0,25
F,2016-12-31,4839,FORD MOTOR CO,2016,4,237951.0,-783.0,2957.0,38654.0,7300.0,6992.0,25
F,2017-03-31,4839,FORD MOTOR CO,2017,1,244094.0,1592.0,3394.0,39146.0,,1706.0,25
F,2017-06-30,4839,FORD MOTOR CO,2017,2,247469.0,2047.0,3520.0,39853.0,,3264.0,25
F,2017-09-30,4839,FORD MOTOR CO,2017,3,251273.0,1572.0,3107.0,36451.0,,4936.0,25
F,2017-12-31,4839,FORD MOTOR CO,2017,4,257808.0,2520.0,2997.0,41326.0,8000.0,7049.0,25
F,2018-03-31,4839,FORD MOTOR CO,2018,1,267230.0,1736.0,3333.0,41959.0,,1779.0,25
F,2018-06-30,4839,FORD MOTOR CO,2018,2,258079.0,1066.0,2983.0,38920.0,,3688.0,25
F,2018-09-30,4839,FORD MOTOR CO,2018,3,258966.0,991.0,3151.0,37666.0,,5669.0,25
F,2018-12-31,4839,FORD MOTOR CO,2018,4,256540.0,-116.0,3840.0,41793.0,8200.0,7785.0,25
F,2019-03-31,4839,FORD MOTOR CO,2019,1,263281.0,1146.0,4752.0,40342.0,,1633.0,25
F,2019-06-30,4839,FORD MOTOR CO,2019,2,262184.0,148.0,3763.0,38853.0,,3553.0,25
F,2019-09-30,4839,FORD MOTOR CO,2019,3,258157.0,425.0,3941.0,36990.0,,5358.0,25
F,2019-12-31,4839,FORD MOTOR CO,2019,4,258537.0,-1672.0,3000.0,39715.0,7400.0,7632.0,25
F,2020-03-31,4839,FORD MOTOR CO,2020,1,264150.0,-1993.0,2074.0,34320.0,,1780.0,25
F,2020-06-30,4839,FORD MOTOR CO,2020,2,269366.0,1117.0,453.0,19371.0,,2955.0,25
F,2020-09-30,4839,FORD MOTOR CO,2020,3,259943.0,2385.0,5014.0,37501.0,,4211.0,25
F,2020-12-31,4839,FORD MOTOR CO,2020,4,267261.0,-2788.0,428.0,35952.0,7100.0,5742.0,25
F,2021-03-31,4839,FORD MOTOR CO,2021,1,260819.0,3262.0,5371.0,36228.0,,1368.0,25
F,2021-06-30,4839,FORD MOTOR CO,2021,2,248532.0,561.0,2194.0,26752.0,,2881.0,25
F,2021-09-30,4839,FORD MOTOR CO,2021,3,252677.0,1832.0,3849.0,35683.0,,4455.0,25
F,2021-12-31,4839,FORD MOTOR CO,2021,4,257035.0,12282.0,3217.0,37678.0,7600.0,6227.0,25
F,2022-03-31,4839,FORD MOTOR CO,2022,1,252986.0,-3110.0,3811.0,34476.0,,1370.0,25
F,2022-06-30,4839,FORD MOTOR CO,2022,2,245755.0,667.0,5442.0,40190.0,,3069.0,25
F,2022-09-30,4839,FORD MOTOR CO,2022,3,246919.0,-827.0,3250.0,39392.0,,4801.0,25
F,2022-12-31,4839,FORD MOTOR CO,2022,4,255884.0,1289.0,4781.0,43999.0,7800.0,6866.0,25
F,2023-03-31,4839,FORD MOTOR CO,2023,1,256800.0,1757.0,5402.0,41474.0,,1780.0,25
F,2023-06-30,4839,FORD MOTOR CO,2023,2,265991.0,1917.0,5869.0,44954.0,,3729.0,25
F,2023-09-30,4839,FORD MOTOR CO,2023,3,268073.0,1199.0,4685.0,43801.0,,5941.0,25
F,2023-12-31,4839,FORD MOTOR CO,2023,4,273310.0,-526.0,3503.0,45962.0,8200.0,8236.0,25
F,2024-03-31,4839,FORD MOTOR CO,2024,1,274341.0,1332.0,4954.0,42777.0,,2094.0,25
F,2024-06-30,4839,FORD MOTOR CO,2024,2,276586.0,1831.0,5694.0,47808.0,,4194.0,25
F,2024-09-30,4839,FORD MOTOR CO,2024,3,287047.0,892.0,5578.0,46196.0,,6186.0,25
F,2024-12-31,4839,FORD MOTOR CO,2024,4,285196.0,1824.0,5343.0,48211.0,8000.0,8684.0,25
F,2025-03-31,4839,FORD MOTOR CO,2025,1,284539.0,471.0,4021.0,40659.0,,1818.0,25
F,2025-06-30,4839,FORD MOTOR CO,2025,2,292725.0,-36.0,4477.0,50184.0,,3906.0,25
F,2025-09-30,4839,FORD MOTOR CO,2025,3,300990.0,2447.0,5348.0,50534.0,,6031.0,25
F,2025-12-31,4839,FORD MOTOR CO,2025,4,289160.0,-11064.0,3807.0,45890.0,9400.0,8815.0,25
GM,2005-03-31,5073,GENERAL MOTORS CO,2005,1,468097.0,-1253.0,,45773.0,,4960.0,25
GM,2005-06-30,5073,GENERAL MOTORS CO,2005,2,466001.0,-987.0,,48469.0,,11322.0,25
GM,2005-09-30,5073,GENERAL MOTORS CO,2005,3,469418.0,-1600.0,,48761.0,,17420.0,25
GM,2005-12-31,5073,GENERAL MOTORS CO,2005,4,476078.0,-6577.0,,51652.0,6700.0,23675.0,25
GM,2006-03-31,5073,GENERAL MOTORS CO,2006,1,463664.0,602.0,7741.0,51843.0,,5900.0,25
GM,2006-06-30,5073,GENERAL MOTORS CO,2006,2,470506.0,-3383.0,9470.0,54136.0,,12409.0,25
GM,2006-09-30,5073,GENERAL MOTORS CO,2006,3,469578.0,-147.0,7088.0,48819.0,,19148.0,25
GM,2006-12-31,5073,GENERAL MOTORS CO,2006,4,186192.0,950.0,6366.0,50803.0,6600.0,25003.0,25
GM,2007-03-31,5073,GENERAL MOTORS CO,2007,1,185198.0,62.0,2709.0,43227.0,,1185.0,25
GM,2007-06-30,5073,GENERAL MOTORS CO,2007,2,186527.0,891.0,3589.0,46677.0,,2884.0,25
GM,2007-09-30,5073,GENERAL MOTORS CO,2007,3,149500.0,-38963.0,1240.0,43276.0,,4939.0,25
GM,2007-12-31,5073,GENERAL MOTORS CO,2007,4,148883.0,-722.0,1233.0,46804.0,8100.0,7542.0,25
GM,2008-03-31,5073,GENERAL MOTORS CO,2008,1,145741.0,-3282.0,2695.0,42383.0,,1945.0,25
GM,2008-06-30,5073,GENERAL MOTORS CO,2008,2,136046.0,-15513.0,-1170.0,38010.0,,4125.0,25
GM,2008-09-30,5073,GENERAL MOTORS CO,2008,3,110425.0,-2552.0,-719.0,37808.0,,5527.0,25
GM,2008-12-31,5073,GENERAL MOTORS CO,2008,4,91047.0,-9596.0,-818.0,30778.0,8012.0,7530.0,25
GM,2009-03-31,5073,GENERAL MOTORS CO,2009,1,82290.0,-5975.0,-1786.0,22431.0,,1566.0,25
GM,2009-06-30,5073,GENERAL MOTORS CO,2009,2,,-12905.0,-3768.0,23047.0,,,25
GM,2009-09-30,5073,GENERAL MOTORS CO,2009,3,144344.0,127140.0,525.0,26784.0,,4398.0,25
GM,2009-12-31,5073,GENERAL MOTORS CO,2009,4,136295.0,-3439.0,1250.0,32327.0,6051.0,5431.0,25
GM,2010-03-31,5073,GENERAL MOTORS CO,2010,1,136021.0,1068.0,3234.0,31476.0,,755.0,25
GM,2010-06-30,5073,GENERAL MOTORS CO,2010,2,131899.0,1536.0,3880.0,33174.0,,1851.0,25
GM,2010-09-30,5073,GENERAL MOTORS CO,2010,3,137238.0,2162.0,3693.0,34060.0,,3112.0,25
GM,2010-12-31,5073,GENERAL MOTORS CO,2010,4,138898.0,1406.0,2058.0,36882.0,6962.0,4200.0,25
GM,2011-03-31,5073,GENERAL MOTORS CO,2011,1,145846.0,3366.0,2989.0,36194.0,,1322.0,25
GM,2011-06-30,5073,GENERAL MOTORS CO,2011,2,150415.0,2992.0,4135.0,39373.0,,2494.0,25
GM,2011-09-30,5073,GENERAL MOTORS CO,2011,3,148497.0,2107.0,3516.0,36719.0,,4643.0,25
GM,2011-12-31,5073,GENERAL MOTORS CO,2011,4,144603.0,725.0,2380.0,37990.0,8124.0,7078.0,25
GM,2012-03-31,5073,GENERAL MOTORS CO,2012,1,150194.0,1315.0,3171.0,37759.0,,2298.0,25
GM,2012-06-30,5073,GENERAL MOTORS CO,2012,2,151987.0,1846.0,3452.0,37614.0,,4669.0,25
GM,2012-09-30,5073,GENERAL MOTORS CO,2012,3,155456.0,1833.0,3272.0,37576.0,,6841.0,25
GM,2012-12-31,5073,GENERAL MOTORS CO,2012,4,149422.0,1194.0,-3461.0,39307.0,7368.0,9118.0,25
GM,2013-03-31,5073,GENERAL MOTORS CO,2013,1,153775.0,1175.0,2277.0,36884.0,,2418.0,25
GM,2013-06-30,5073,GENERAL MOTORS CO,2013,2,163110.0,1414.0,2908.0,39075.0,,4959.0,25
GM,2013-09-30,5073,GENERAL MOTORS CO,2013,3,168539.0,1717.0,3631.0,38983.0,,7513.0,25
GM,2013-12-31,5073,GENERAL MOTORS CO,2013,4,166344.0,1040.0,1796.0,40485.0,7200.0,9819.0,25
GM,2014-03-31,5073,GENERAL MOTORS CO,2014,1,173606.0,213.0,1795.0,37408.0,,2379.0,25
GM,2014-06-30,5073,GENERAL MOTORS CO,2014,2,179098.0,278.0,2863.0,39649.0,,5227.0,25
GM,2014-09-30,5073,GENERAL MOTORS CO,2014,3,176908.0,1471.0,3593.0,39255.0,,8258.0,25
GM,2014-12-31,5073,GENERAL MOTORS CO,2014,4,177677.0,1987.0,3719.0,39617.0,7400.0,11867.0,25
GM,2015-03-31,5073,GENERAL MOTORS CO,2015,1,179918.0,945.0,2950.0,35712.0,,3936.0,25
GM,2015-06-30,5073,GENERAL MOTORS CO,2015,2,185812.0,1117.0,4273.0,38180.0,,9993.0,25
GM,2015-09-30,5073,GENERAL MOTORS CO,2015,3,189000.0,1359.0,4441.0,38843.0,,16360.0,25
GM,2015-12-31,5073,GENERAL MOTORS CO,2015,4,194520.0,6266.0,3698.0,39621.0,7500.0,23032.0,25
GM,2016-03-31,5073,GENERAL MOTORS CO,2016,1,203618.0,1953.0,4267.0,33016.0,,7396.0,25
GM,2016-06-30,5073,GENERAL MOTORS CO,2016,2,210449.0,2866.0,5458.0,37383.0,,14813.0,25
GM,2016-09-30,5073,GENERAL MOTORS CO,2016,3,217576.0,2773.0,5567.0,38889.0,,21957.0,25
GM,2016-12-31,5073,GENERAL MOTORS CO,2016,4,221690.0,1835.0,4656.0,39896.0,6600.0,29166.0,25
GM,2017-03-31,5073,GENERAL MOTORS CO,2017,1,230793.0,2608.0,5305.0,37266.0,,6765.0,25
GM,2017-06-30,5073,GENERAL MOTORS CO,2017,2,240300.0,1660.0,5832.0,36984.0,,14070.0,25
GM,2017-09-30,5073,GENERAL MOTORS CO,2017,3,229502.0,-2981.0,4706.0,33623.0,,21162.0,25
GM,2017-12-31,5073,GENERAL MOTORS CO,2017,4,212482.0,-5151.0,5359.0,37715.0,7300.0,27633.0,25
GM,2018-03-31,5073,GENERAL MOTORS CO,2018,1,218726.0,1046.0,4568.0,36099.0,,6768.0,25
GM,2018-06-30,5073,GENERAL MOTORS CO,2018,2,218641.0,2390.0,4772.0,36760.0,,13473.0,25
GM,2018-09-30,5073,GENERAL MOTORS CO,2018,3,225711.0,2534.0,5355.0,35791.0,,19613.0,25
GM,2018-12-31,5073,GENERAL MOTORS CO,2018,4,227339.0,2044.0,5797.0,38399.0,7800.0,25497.0,25
GM,2019-03-31,5073,GENERAL MOTORS CO,2019,1,233132.0,2157.0,4505.0,34878.0,,5761.0,25
GM,2019-06-30,5073,GENERAL MOTORS CO,2019,2,233737.0,2418.0,5734.0,36060.0,,11665.0,25
GM,2019-09-30,5073,GENERAL MOTORS CO,2019,3,231529.0,2351.0,5879.0,35473.0,,17340.0,25
GM,2019-12-31,5073,GENERAL MOTORS CO,2019,4,228037.0,-194.0,2598.0,30826.0,6800.0,23996.0,25
GM,2020-03-31,5073,GENERAL MOTORS CO,2020,1,246624.0,294.0,4344.0,32709.0,,4957.0,25
GM,2020-06-30,5073,GENERAL MOTORS CO,2020,2,237535.0,-758.0,2136.0,16778.0,,8390.0,25
GM,2020-09-30,5073,GENERAL MOTORS CO,2020,3,239671.0,4045.0,7658.0,35480.0,,13796.0,25
GM,2020-12-31,5073,GENERAL MOTORS CO,2020,4,235194.0,2846.0,5824.0,37518.0,6200.0,20533.0,25
GM,2021-03-31,5073,GENERAL MOTORS CO,2021,1,238411.0,3022.0,6292.0,32474.0,,6991.0,25
GM,2021-06-30,5073,GENERAL MOTORS CO,2021,2,241803.0,2836.0,6807.0,34167.0,,14890.0,25
GM,2021-09-30,5073,GENERAL MOTORS CO,2021,3,238557.0,2420.0,4277.0,26779.0,,21008.0,25
GM,2021-12-31,5073,GENERAL MOTORS CO,2021,4,244718.0,1741.0,4707.0,33584.0,7900.0,22111.0,25
GM,2022-03-31,5073,GENERAL MOTORS CO,2022,1,251492.0,2939.0,6144.0,35979.0,,4651.0,25
GM,2022-06-30,5073,GENERAL MOTORS CO,2022,2,253517.0,1692.0,4961.0,35759.0,,10032.0,25
GM,2022-09-30,5073,GENERAL MOTORS CO,2022,3,260529.0,3304.0,6164.0,41889.0,,14995.0,25
GM,2022-12-31,5073,GENERAL MOTORS CO,2022,4,264037.0,1999.0,5890.0,43108.0,9800.0,21187.0,25
GM,2023-03-31,5073,GENERAL MOTORS CO,2023,1,267004.0,2395.0,6363.0,39985.0,,5585.0,25
GM,2023-06-30,5073,GENERAL MOTORS CO,2023,2,275833.0,2567.0,5894.0,44747.0,,11517.0,25
GM,2023-09-30,5073,GENERAL MOTORS CO,2023,3,281705.0,3064.0,6128.0,44131.0,,17511.0,25
GM,2023-12-31,5073,GENERAL MOTORS CO,2023,4,273064.0,2101.0,4515.0,42979.0,9900.0,24610.0,25
GM,2024-03-31,5073,GENERAL MOTORS CO,2024,1,276591.0,2980.0,6631.0,43014.0,,6219.0,25
GM,2024-06-30,5073,GENERAL MOTORS CO,2024,2,282956.0,2933.0,7515.0,47969.0,,12841.0,25
GM,2024-09-30,5073,GENERAL MOTORS CO,2024,3,289289.0,3056.0,6941.0,48757.0,,18840.0,25
GM,2024-12-31,5073,GENERAL MOTORS CO,2024,4,279761.0,-2961.0,5452.0,47702.0,9200.0,26109.0,25
GM,2025-03-31,5073,GENERAL MOTORS CO,2025,1,282104.0,2784.0,6312.0,44020.0,,6028.0,25
GM,2025-06-30,5073,GENERAL MOTORS CO,2025,2,289384.0,1896.0,5814.0,47122.0,,12544.0,25
GM,2025-09-30,5073,GENERAL MOTORS CO,2025,3,288168.0,1327.0,6078.0,48591.0,,18692.0,25
GM,2025-12-31,5073,GENERAL MOTORS CO,2025,4,281284.0,-3310.0,6524.0,45286.0,8500.0,25096.0,25
GOOGL,2005-03-31,160329,ALPHABET INC,2005,1,3865.199,369.193,498.963,1256.516,108.711,142.391,50
GOOGL,2005-06-30,160329,ALPHABET INC,2005,2,4497.718,342.814,542.627,1384.495,123.134,299.854,50
GOOGL,2005-09-30,160329,ALPHABET INC,2005,3,9451.001,381.182,625.948,1578.457,177.794,592.386,50
GOOGL,2005-12-31,160329,ALPHABET INC,2005,4,10271.813,372.208,755.592,1919.092,189.871,838.217,50
GOOGL,2006-03-31,160329,ALPHABET INC,2006,1,11294.87,592.291,872.567,2253.755,246.599,344.938,50
GOOGL,2006-06-30,160329,ALPHABET INC,2006,2,14396.006,721.077,925.583,2455.991,282.552,1043.938,50
GOOGL,2006-09-30,160329,ALPHABET INC,2006,3,15693.232,733.361,1067.681,2689.673,312.632,1536.16,50
GOOGL,2006-12-31,160329,ALPHABET INC,2006,4,18473.351,1030.717,1219.395,3205.498,386.806,1902.798,50
GOOGL,2007-03-31,160329,ALPHABET INC,2007,1,20015.438,1002.162,1427.798,3663.971,408.384,596.893,50
GOOGL,2007-06-30,160329,ALPHABET INC,2007,2,21423.885,925.12,1330.712,3871.985,532.106,1171.991,50
GOOGL,2007-09-30,160329,ALPHABET INC,2007,3,23340.65,1069.989,1567.287,4231.351,548.712,1724.631,50
GOOGL,2007-12-31,160329,ALPHABET INC,2007,4,25335.806,1206.449,1729.336,4826.679,630.783,2402.84,50
GOOGL,2008-03-31,160329,ALPHABET INC,2008,1,27604.982,1307.086,1881.799,5186.043,673.069,841.597,50
GOOGL,2008-06-30,160329,ALPHABET INC,2008,2,29179.786,1247.391,1966.681,5367.212,682.21,1539.114,50
GOOGL,2008-09-30,160329,ALPHABET INC,2008,3,30806.974,1289.939,2127.846,5541.391,704.572,1990.617,50
GOOGL,2008-12-31,160329,ALPHABET INC,2008,4,31767.575,382.442,2242.68,5700.904,733.341,2358.461,50
GOOGL,2009-03-31,160329,ALPHABET INC,2009,1,33513.029,1422.828,2309.22,5508.99,641.643,262.755,50
GOOGL,2009-06-30,160329,ALPHABET INC,2009,2,35158.76,1484.545,2249.376,5522.897,707.626,402.192,50
GOOGL,2009-09-30,160329,ALPHABET INC,2009,3,37702.845,1638.975,2448.12,5944.851,757.524,588.531,50
GOOGL,2009-12-31,160329,ALPHABET INC,2009,4,40496.778,1974.1,2838.0,6673.825,736.234,809.888,50
GOOGL,2010-03-31,160329,ALPHABET INC,2010,1,42871.0,1955.0,2815.0,6775.0,818.0,239.0,50
GOOGL,2010-06-30,160329,ALPHABET INC,2010,2,48045.0,1840.0,2701.0,6820.0,898.0,715.0,50
GOOGL,2010-09-30,160329,ALPHABET INC,2010,3,53342.0,2167.0,2889.0,7286.0,995.0,1473.0,50
GOOGL,2010-12-31,160329,ALPHABET INC,2010,4,57851.0,2543.0,3357.0,8440.0,1051.0,4018.0,50
GOOGL,2011-03-31,160329,ALPHABET INC,2011,1,59960.0,1798.0,3192.0,8575.0,1226.0,890.0,50
GOOGL,2011-06-30,160329,ALPHABET INC,2011,2,64861.0,2506.0,3335.0,9027.0,1234.0,1807.0,50
GOOGL,2011-09-30,160329,ALPHABET INC,2011,3,69088.0,2729.0,3546.0,9720.0,1404.0,2487.0,50
GOOGL,2011-12-31,160329,ALPHABET INC,2011,4,72574.0,2704.0,4006.0,10583.0,1298.0,3438.0,50
GOOGL,2012-03-31,160329,ALPHABET INC,2012,1,77144.0,2890.0,3891.0,10645.0,1441.0,607.0,50
GOOGL,2012-06-30,160329,ALPHABET INC,2012,2,86051.0,2785.0,4100.0,11807.0,1538.0,1381.0,50
GOOGL,2012-09-30,160329,ALPHABET INC,2012,3,89730.0,2176.0,3831.0,13304.0,1879.0,2253.0,50
GOOGL,2012-12-31,160329,ALPHABET INC,2012,4,93798.0,2886.0,4436.0,14419.0,1935.0,3273.0,50
GOOGL,2013-03-31,160329,ALPHABET INC,2013,1,96692.0,3346.0,4611.0,12951.0,1617.0,1203.0,50
GOOGL,2013-06-30,160329,ALPHABET INC,2013,2,101182.0,3228.0,4458.0,13107.0,1766.0,2814.0,50
GOOGL,2013-09-30,160329,ALPHABET INC,2013,3,105068.0,2970.0,4698.0,13754.0,1821.0,5103.0,50
GOOGL,2013-12-31,160329,ALPHABET INC,2013,4,110920.0,3376.0,5428.0,15707.0,1933.0,7358.0,50
GOOGL,2014-03-31,160329,ALPHABET INC,2014,1,116526.0,3371.0,5201.0,15420.0,2126.0,2345.0,50
GOOGL,2014-06-30,160329,ALPHABET INC,2014,2,121608.0,3351.0,5337.0,15955.0,2238.0,4991.0,50
GOOGL,2014-09-30,160329,ALPHABET INC,2014,3,125781.0,2739.0,5271.0,16523.0,2655.0,7408.0,50
GOOGL,2014-12-31,160329,ALPHABET INC,2014,4,131133.0,4675.0,5667.0,18103.0,2813.0,10959.0,50
GOOGL,2015-03-31,160329,ALPHABET INC,2015,1,133400.0,3515.0,5624.0,17258.0,2753.0,2927.0,50
GOOGL,2015-06-30,160329,ALPHABET INC,2015,2,138807.0,3931.0,6059.0,17727.0,2789.0,5442.0,50
GOOGL,2015-09-30,160329,ALPHABET INC,2015,3,144281.0,3979.0,5956.0,18675.0,3230.0,7815.0,50
GOOGL,2015-12-31,160329,ALPHABET INC,2015,4,147461.0,4923.0,6784.0,21329.0,3510.0,9915.0,50
GOOGL,2016-03-31,160329,ALPHABET INC,2016,1,149747.0,4207.0,6713.0,20257.0,3367.0,2428.0,50
GOOGL,2016-06-30,160329,ALPHABET INC,2016,2,154292.0,4877.0,7458.0,21500.0,3363.0,4551.0,50
GOOGL,2016-09-30,160329,ALPHABET INC,2016,3,159948.0,5061.0,7363.0,22451.0,3596.0,7134.0,50
GOOGL,2016-12-31,160329,ALPHABET INC,2016,4,167497.0,5333.0,8326.0,26064.0,3622.0,10212.0,50
GOOGL,2017-03-31,160329,ALPHABET INC,2017,1,172756.0,5426.0,8061.0,24750.0,3942.0,2508.0,50
GOOGL,2017-06-30,160329,ALPHABET INC,2017,2,178621.0,3524.0,8492.0,26010.0,4172.0,5339.0,50
GOOGL,2017-09-30,160329,ALPHABET INC,2017,3,189536.0,6732.0,9537.0,27772.0,4205.0,8877.0,50
GOOGL,2017-12-31,160329,ALPHABET INC,2017,4,197295.0,-3020.0,9691.0,32323.0,4306.0,13184.0,50
GOOGL,2018-03-31,160329,ALPHABET INC,2018,1,206935.0,9401.0,9619.0,31146.0,5039.0,7299.0,50
GOOGL,2018-06-30,160329,ALPHABET INC,2018,2,211610.0,3195.0,10228.0,32657.0,5114.0,12776.0,50
GOOGL,2018-09-30,160329,ALPHABET INC,2018,3,221538.0,9192.0,10981.0,33740.0,5232.0,18058.0,50
GOOGL,2018-12-31,160329,ALPHABET INC,2018,4,232792.0,8948.0,10796.0,39276.0,6034.0,25139.0,50
GOOGL,2019-03-31,160329,ALPHABET INC,2019,1,245349.0,6657.0,10918.0,36339.0,6029.0,4638.0,50
GOOGL,2019-06-30,160329,ALPHABET INC,2019,2,257101.0,9947.0,12015.0,38944.0,6213.0,10764.0,50
GOOGL,2019-09-30,160329,ALPHABET INC,2019,3,263044.0,7068.0,12651.0,40499.0,6554.0,17496.0,50
GOOGL,2019-12-31,160329,ALPHABET INC,2019,4,275909.0,10671.0,12549.0,46075.0,7222.0,23548.0,50
GOOGL,2020-03-31,160329,ALPHABET INC,2020,1,273403.0,6836.0,11080.0,41159.0,6820.0,6005.0,50
GOOGL,2020-06-30,160329,ALPHABET INC,2020,2,278492.0,6959.0,9755.0,38297.0,6875.0,11396.0,50
GOOGL,2020-09-30,160329,ALPHABET INC,2020,3,299243.0,11247.0,14691.0,46173.0,6856.0,16802.0,50
GOOGL,2020-12-31,160329,ALPHABET INC,2020,4,319616.0,15227.0,19377.0,56898.0,7022.0,22281.0,50
GOOGL,2021-03-31,160329,ALPHABET INC,2021,1,327095.0,17930.0,19179.0,55314.0,7485.0,5942.0,50
GOOGL,2021-06-30,160329,ALPHABET INC,2021,2,335387.0,18525.0,22306.0,61880.0,7675.0,11438.0,50
GOOGL,2021-09-30,160329,ALPHABET INC,2021,3,347403.0,18936.0,24335.0,65118.0,7694.0,18257.0,50
GOOGL,2021-12-31,160329,ALPHABET INC,2021,4,359268.0,20642.0,25324.0,75325.0,8708.0,24640.0,50
GOOGL,2022-03-31,160329,ALPHABET INC,2022,1,357096.0,16436.0,23876.0,68011.0,9119.0,9786.0,50
GOOGL,2022-06-30,160329,ALPHABET INC,2022,2,355185.0,16002.0,23352.0,69685.0,9841.0,16614.0,50
GOOGL,2022-09-30,160329,ALPHABET INC,2022,3,358255.0,13910.0,20964.0,69092.0,10273.0,23890.0,50
GOOGL,2022-12-31,160329,ALPHABET INC,2022,4,365264.0,13624.0,22362.0,76048.0,10267.0,31485.0,50
GOOGL,2023-03-31,160329,ALPHABET INC,2023,1,369491.0,15051.0,22044.0,69787.0,11468.0,6289.0,50
GOOGL,2023-06-30,160329,ALPHABET INC,2023,2,383044.0,18368.0,24663.0,74604.0,10588.0,13177.0,50
GOOGL,2023-09-30,160329,ALPHABET INC,2023,3,396711.0,19689.0,24600.0,76693.0,11258.0,21232.0,50
GOOGL,2023-12-31,160329,ALPHABET INC,2023,4,402392.0,20687.0,27020.0,86310.0,12113.0,32251.0,50
GOOGL,2024-03-31,160329,ALPHABET INC,2024,1,407350.0,23662.0,29601.0,80539.0,11903.0,12012.0,50
GOOGL,2024-06-30,160329,ALPHABET INC,2024,2,414770.0,23619.0,31133.0,84742.0,11860.0,25198.0,50
GOOGL,2024-09-30,160329,ALPHABET INC,2024,3,430266.0,26301.0,32506.0,88268.0,12447.0,38259.0,50
GOOGL,2024-12-31,160329,ALPHABET INC,2024,4,450256.0,26536.0,35177.0,96469.0,13116.0,52535.0,50
GOOGL,2025-03-31,160329,ALPHABET INC,2025,1,475374.0,34540.0,35093.0,90234.0,13556.0,17197.0,50
GOOGL,2025-06-30,160329,ALPHABET INC,2025,2,502053.0,28196.0,37669.0,96428.0,13808.0,39643.0,50
GOOGL,2025-09-30,160329,ALPHABET INC,2025,3,536469.0,34979.0,40296.0,102345.0,15151.0,63596.0,50
GOOGL,2025-12-31,160329,ALPHABET INC,2025,4,595281.0,34455.0,41974.0,113829.0,18572.0,91447.0,50
INTC,2005-03-31,6008,INTEL CORP,2005,1,47566.0,2178.0,4277.0,9434.0,1266.0,1788.0,45
INTC,2005-06-30,6008,INTEL CORP,2005,2,46513.0,2038.0,3756.0,9231.0,1176.0,3177.0,45
INTC,2005-09-30,6008,INTEL CORP,2005,3,47360.0,1995.0,4345.0,9960.0,1341.0,4459.0,45
INTC,2005-12-31,6008,INTEL CORP,2005,4,48314.0,2453.0,4406.0,10201.0,1362.0,5818.0,45
INTC,2006-03-31,6008,INTEL CORP,2006,1,47194.0,1357.0,2932.0,8940.0,1562.0,1758.0,45
INTC,2006-06-30,6008,INTEL CORP,2006,2,46088.0,885.0,2287.0,8009.0,1496.0,3496.0,45
INTC,2006-09-30,6008,INTEL CORP,2006,3,46855.0,1301.0,2728.0,8739.0,1389.0,4663.0,45
INTC,2006-12-31,6008,INTEL CORP,2006,4,48368.0,1501.0,3171.0,9694.0,1426.0,5779.0,45
INTC,2007-03-31,6008,INTEL CORP,2007,1,48756.0,1636.0,3001.0,8852.0,1400.0,1361.0,45
INTC,2007-06-30,6008,INTEL CORP,2007,2,50294.0,1278.0,2645.0,8680.0,1353.0,2639.0,45
INTC,2007-09-30,6008,INTEL CORP,2007,3,53039.0,1791.0,3545.0,10090.0,1521.0,3727.0,45
INTC,2007-12-31,6008,INTEL CORP,2007,4,55651.0,2271.0,4452.0,10712.0,1481.0,5000.0,45
INTC,2008-03-31,6008,INTEL CORP,2008,1,53387.0,1443.0,3556.0,9673.0,1467.0,907.0,45
INTC,2008-06-30,6008,INTEL CORP,2008,2,52392.0,1601.0,3456.0,9470.0,1468.0,2058.0,45
INTC,2008-09-30,6008,INTEL CORP,2008,3,52719.0,2014.0,4259.0,10217.0,1471.0,3432.0,45
INTC,2008-12-31,6008,INTEL CORP,2008,4,50715.0,234.0,3012.0,8226.0,1316.0,5197.0,45
INTC,2009-03-31,6008,INTEL CORP,2009,1,48454.0,629.0,1991.0,7145.0,1317.0,1509.0,45
INTC,2009-06-30,6008,INTEL CORP,2009,2,49061.0,-398.0,2812.0,8024.0,1303.0,2490.0,45
INTC,2009-09-30,6008,INTEL CORP,2009,3,50996.0,1856.0,3877.0,9389.0,1430.0,3434.0,45
INTC,2009-12-31,6008,INTEL CORP,2009,4,53095.0,2282.0,5011.0,10569.0,1603.0,4515.0,45
INTC,2010-03-31,6008,INTEL CORP,2010,1,55773.0,2442.0,4589.0,10299.0,1564.0,928.0,45
INTC,2010-06-30,6008,INTEL CORP,2010,2,57691.0,2887.0,5130.0,10765.0,1666.0,1976.0,45
INTC,2010-09-30,6008,INTEL CORP,2010,3,60588.0,2955.0,5278.0,11102.0,1675.0,3338.0,45
INTC,2010-12-31,6008,INTEL CORP,2010,4,63186.0,3180.0,5640.0,11457.0,1671.0,5207.0,45
INTC,2011-03-31,6008,INTEL CORP,2011,1,65552.0,3160.0,5976.0,12847.0,1916.0,2723.0,45
INTC,2011-06-30,6008,INTEL CORP,2011,2,66089.0,2954.0,5518.0,13032.0,1986.0,5207.0,45
INTC,2011-09-30,6008,INTEL CORP,2011,3,70551.0,3468.0,6314.0,14233.0,2140.0,7920.0,45
INTC,2011-12-31,6008,INTEL CORP,2011,4,71119.0,3360.0,6188.0,13887.0,2308.0,10764.0,45
INTC,2012-03-31,6008,INTEL CORP,2012,1,71817.0,2738.0,5595.0,12906.0,2401.0,2974.0,45
INTC,2012-06-30,6008,INTEL CORP,2012,2,72352.0,2827.0,5671.0,13501.0,2513.0,5636.0,45
INTC,2012-09-30,6008,INTEL CORP,2012,3,74441.0,2972.0,5734.0,13457.0,2605.0,8523.0,45
INTC,2012-12-31,6008,INTEL CORP,2012,4,84351.0,2468.0,5160.0,13477.0,2629.0,11027.0,45
INTC,2013-03-31,6008,INTEL CORP,2013,1,83083.0,2045.0,4583.0,12580.0,2527.0,2174.0,45
INTC,2013-06-30,6008,INTEL CORP,2013,2,85661.0,2000.0,4710.0,12811.0,2516.0,4897.0,45
INTC,2013-09-30,6008,INTEL CORP,2013,3,90551.0,2950.0,5649.0,13483.0,2742.0,7763.0,45
INTC,2013-12-31,6008,INTEL CORP,2013,4,92358.0,2625.0,5621.0,13834.0,2826.0,10711.0,45
INTC,2014-03-31,6008,INTEL CORP,2014,1,91932.0,1930.0,4654.0,12764.0,2846.0,2689.0,45
INTC,2014-06-30,6008,INTEL CORP,2014,2,91793.0,2796.0,6095.0,13831.0,2859.0,5517.0,45
INTC,2014-09-30,6008,INTEL CORP,2014,3,90616.0,3317.0,6758.0,14554.0,2842.0,7962.0,45
INTC,2014-12-31,6008,INTEL CORP,2014,4,91956.0,3661.0,6684.0,14721.0,2990.0,10105.0,45
INTC,2015-03-31,6008,INTEL CORP,2015,1,89566.0,1992.0,4819.0,12781.0,2995.0,2025.0,45
INTC,2015-06-30,6008,INTEL CORP,2015,2,90492.0,2706.0,5335.0,13195.0,3087.0,3792.0,45
INTC,2015-09-30,6008,INTEL CORP,2015,3,98552.0,3109.0,6481.0,14465.0,2927.0,4998.0,45
INTC,2015-12-31,6008,INTEL CORP,2015,4,103065.0,3613.0,6432.0,14914.0,3119.0,7326.0,45
INTC,2016-03-31,6008,INTEL CORP,2016,1,105467.0,2046.0,4909.0,13702.0,3246.0,1346.0,45
INTC,2016-06-30,6008,INTEL CORP,2016,2,109831.0,1330.0,4810.0,13533.0,3145.0,3632.0,45
INTC,2016-09-30,6008,INTEL CORP,2016,3,112217.0,3378.0,6762.0,15778.0,3069.0,6095.0,45
INTC,2016-12-31,6008,INTEL CORP,2016,4,113327.0,3562.0,6556.0,16374.0,3280.0,9625.0,45
INTC,2017-03-31,6008,INTEL CORP,2017,1,115648.0,2964.0,5640.0,14796.0,3311.0,1952.0,45
INTC,2017-06-30,6008,INTEL CORP,2017,2,122107.0,2808.0,5858.0,14763.0,3262.0,4730.0,45
INTC,2017-09-30,6008,INTEL CORP,2017,3,127088.0,4516.0,7339.0,16149.0,3209.0,7709.0,45
INTC,2017-12-31,6008,INTEL CORP,2017,4,123249.0,-687.0,7894.0,17053.0,3253.0,11778.0,45
INTC,2018-03-31,6008,INTEL CORP,2018,1,128596.0,4454.0,6666.0,16066.0,3311.0,2910.0,45
INTC,2018-06-30,6008,INTEL CORP,2018,2,125972.0,5006.0,7395.0,16962.0,3371.0,7440.0,45
INTC,2018-09-30,6008,INTEL CORP,2018,3,128242.0,6398.0,9551.0,19163.0,3428.0,11291.0,45
INTC,2018-12-31,6008,INTEL CORP,2018,4,127963.0,5195.0,8717.0,18657.0,3433.0,15181.0,45
INTC,2019-03-31,6008,INTEL CORP,2019,1,129458.0,3974.0,6799.0,16061.0,3332.0,3321.0,45
INTC,2019-06-30,6008,INTEL CORP,2019,2,130759.0,4179.0,7355.0,16505.0,3438.0,6875.0,45
INTC,2019-09-30,6008,INTEL CORP,2019,3,133768.0,5990.0,9230.0,19190.0,3208.0,11547.0,45
INTC,2019-12-31,6008,INTEL CORP,2019,4,136524.0,6905.0,9870.0,20209.0,3384.0,16213.0,45
INTC,2020-03-31,6008,INTEL CORP,2020,1,147710.0,5661.0,10250.0,19828.0,3275.0,3268.0,45
INTC,2020-06-30,6008,INTEL CORP,2020,2,152539.0,5105.0,8769.0,19728.0,3354.0,6676.0,45
INTC,2020-09-30,6008,INTEL CORP,2020,3,145261.0,4276.0,8157.0,18333.0,3272.0,10392.0,45
INTC,2020-12-31,6008,INTEL CORP,2020,4,153091.0,5857.0,8939.0,19978.0,3655.0,14259.0,45
INTC,2021-03-31,6008,INTEL CORP,2021,1,150622.0,3361.0,8805.0,19673.0,3623.0,3972.0,45
INTC,2021-06-30,6008,INTEL CORP,2021,2,154597.0,5061.0,8749.0,19631.0,3715.0,7574.0,45
INTC,2021-09-30,6008,INTEL CORP,2021,3,167962.0,6823.0,8228.0,19192.0,3803.0,11579.0,45
INTC,2021-12-31,6008,INTEL CORP,2021,4,168406.0,4623.0,8092.0,20528.0,4049.0,18733.0,45
INTC,2022-03-31,6008,INTEL CORP,2022,1,176356.0,8113.0,6478.0,18353.0,4362.0,4604.0,45
INTC,2022-06-30,6008,INTEL CORP,2022,2,170418.0,-454.0,3299.0,15321.0,4400.0,11846.0,45
INTC,2022-09-30,6008,INTEL CORP,2022,3,174841.0,1019.0,3741.0,15338.0,4302.0,19145.0,45
INTC,2022-12-31,6008,INTEL CORP,2022,4,182103.0,-664.0,2296.0,14042.0,4464.0,24844.0,45
INTC,2023-03-31,6008,INTEL CORP,2023,1,185303.0,-2758.0,962.0,11715.0,4109.0,7413.0,45
INTC,2023-06-30,6008,INTEL CORP,2023,2,185629.0,1481.0,1460.0,12949.0,4080.0,13301.0,45
INTC,2023-09-30,6008,INTEL CORP,2023,3,188837.0,297.0,3255.0,14158.0,3870.0,19054.0,45
INTC,2023-12-31,6008,INTEL CORP,2023,4,191572.0,2669.0,3956.0,15406.0,3987.0,25750.0,45
INTC,2024-03-31,6008,INTEL CORP,2024,1,192733.0,-381.0,1830.0,12724.0,4382.0,5970.0,45
INTC,2024-06-30,6008,INTEL CORP,2024,2,206205.0,-1610.0,1548.0,12833.0,4239.0,11652.0,45
INTC,2024-09-30,6008,INTEL CORP,2024,3,193542.0,-16639.0,177.0,13284.0,4049.0,18110.0,45
INTC,2024-12-31,6008,INTEL CORP,2024,4,196485.0,-126.0,3116.0,14260.0,3876.0,23944.0,45
INTC,2025-03-31,6008,INTEL CORP,2025,1,192242.0,-821.0,2529.0,12667.0,3640.0,5183.0,45
INTC,2025-06-30,6008,INTEL CORP,2025,2,192520.0,-2918.0,2524.0,12859.0,3684.0,8733.0,45
INTC,2025-09-30,6008,INTEL CORP,2025,3,204514.0,4063.0,3850.0,13653.0,3231.0,11158.0,45
INTC,2025-12-31,6008,INTEL CORP,2025,4,211429.0,-591.0,3730.0,13674.0,3219.0,14646.0,45
MSFT,2005-03-31,12141,MICROSOFT CORP,2005,3,66275.0,2563.0,4379.0,9620.0,1482.0,552.0,45
MSFT,2005-06-30,12141,MICROSOFT CORP,2005,4,70815.0,3700.0,4027.0,10161.0,1664.0,812.0,45
MSFT,2005-09-30,12141,MICROSOFT CORP,2006,1,71462.0,3141.0,4641.0,9741.0,1515.0,213.0,45
MSFT,2005-12-31,12141,MICROSOFT CORP,2006,2,67257.0,3653.0,4888.0,11837.0,1591.0,531.0,45
MSFT,2006-03-31,12141,MICROSOFT CORP,2006,3,66854.0,2977.0,4462.0,10900.0,1617.0,833.0,45
MSFT,2006-06-30,12141,MICROSOFT CORP,2006,4,69597.0,2828.0,4493.0,11804.0,1861.0,1578.0,45
MSFT,2006-09-30,12141,MICROSOFT CORP,2007,1,65354.0,3478.0,4723.0,10811.0,1786.0,411.0,45
MSFT,2006-12-31,12141,MICROSOFT CORP,2007,2,66371.0,2626.0,3837.0,12542.0,1637.0,983.0,45
MSFT,2007-03-31,12141,MICROSOFT CORP,2007,3,63891.0,4926.0,7034.0,14398.0,1750.0,1444.0,45
MSFT,2007-06-30,12141,MICROSOFT CORP,2007,4,63171.0,3035.0,4370.0,13371.0,1948.0,2264.0,45
MSFT,2007-09-30,12141,MICROSOFT CORP,2008,1,65645.0,4289.0,6308.0,13762.0,1837.0,510.0,45
MSFT,2007-12-31,12141,MICROSOFT CORP,2008,2,67339.0,4707.0,6934.0,16367.0,1885.0,1205.0,45
MSFT,2008-03-31,12141,MICROSOFT CORP,2008,3,70747.0,4388.0,6239.0,14454.0,2035.0,1964.0,45
MSFT,2008-06-30,12141,MICROSOFT CORP,2008,4,72793.0,4297.0,6359.0,15837.0,2407.0,3182.0,45
MSFT,2008-09-30,12141,MICROSOFT CORP,2009,1,65117.0,4373.0,6584.0,15061.0,2283.0,778.0,45
MSFT,2008-12-31,12141,MICROSOFT CORP,2009,2,65786.0,4174.0,6571.0,16629.0,2290.0,1620.0,45
MSFT,2009-03-31,12141,MICROSOFT CORP,2009,3,68853.0,2977.0,5392.0,13648.0,2212.0,2252.0,45
MSFT,2009-06-30,12141,MICROSOFT CORP,2009,4,77888.0,3045.0,4708.0,13099.0,2225.0,3119.0,45
MSFT,2009-09-30,12141,MICROSOFT CORP,2010,1,81612.0,3574.0,5128.0,12920.0,2065.0,435.0,45
MSFT,2009-12-31,12141,MICROSOFT CORP,2010,2,82096.0,6662.0,9187.0,19022.0,2079.0,811.0,45
MSFT,2010-03-31,12141,MICROSOFT CORP,2010,3,84910.0,4006.0,5867.0,14503.0,2220.0,1219.0,45
MSFT,2010-06-30,12141,MICROSOFT CORP,2010,4,86113.0,4518.0,6648.0,16039.0,2350.0,1977.0,45
MSFT,2010-09-30,12141,MICROSOFT CORP,2011,1,91540.0,5410.0,7810.0,16195.0,2196.0,564.0,45
MSFT,2010-12-31,12141,MICROSOFT CORP,2011,2,92306.0,6634.0,8828.0,19953.0,2185.0,1055.0,45
MSFT,2011-03-31,12141,MICROSOFT CORP,2011,3,99727.0,5232.0,6429.0,16428.0,2269.0,1713.0,45
MSFT,2011-06-30,12141,MICROSOFT CORP,2011,4,108704.0,5874.0,6860.0,17367.0,2393.0,2355.0,45
MSFT,2011-09-30,12141,MICROSOFT CORP,2012,1,107415.0,5738.0,7929.0,17372.0,2329.0,436.0,45
MSFT,2011-12-31,12141,MICROSOFT CORP,2012,2,112243.0,6624.0,8672.0,20885.0,2371.0,934.0,45
MSFT,2012-03-31,12141,MICROSOFT CORP,2012,3,118010.0,5108.0,7140.0,17407.0,2517.0,1683.0,45
MSFT,2012-06-30,12141,MICROSOFT CORP,2012,4,121271.0,-492.0,7182.0,18059.0,2594.0,2305.0,45
MSFT,2012-09-30,12141,MICROSOFT CORP,2013,1,121876.0,4466.0,6018.0,16008.0,2460.0,603.0,45
MSFT,2012-12-31,12141,MICROSOFT CORP,2013,2,128683.0,6377.0,8780.0,21456.0,2528.0,1533.0,45
MSFT,2013-03-31,12141,MICROSOFT CORP,2013,3,134105.0,6055.0,9398.0,20489.0,2640.0,2463.0,45
MSFT,2013-06-30,12141,MICROSOFT CORP,2013,4,142431.0,4965.0,7056.0,19896.0,2783.0,4257.0,45
MSFT,2013-09-30,12141,MICROSOFT CORP,2014,1,142348.0,5244.0,7288.0,18529.0,2767.0,1231.0,45
MSFT,2013-12-31,12141,MICROSOFT CORP,2014,2,153543.0,6558.0,9230.0,24519.0,2748.0,2963.0,45
MSFT,2014-03-31,12141,MICROSOFT CORP,2014,3,156119.0,5660.0,8229.0,20403.0,2743.0,4155.0,45
MSFT,2014-06-30,12141,MICROSOFT CORP,2014,4,172384.0,4612.0,7969.0,23000.0,3123.0,5485.0,45
MSFT,2014-09-30,12141,MICROSOFT CORP,2015,1,169656.0,4540.0,8412.0,23201.0,3065.0,1282.0,45
MSFT,2014-12-31,12141,MICROSOFT CORP,2015,2,174848.0,5863.0,9540.0,26470.0,2903.0,2772.0,45
MSFT,2015-03-31,12141,MICROSOFT CORP,2015,3,176683.0,4985.0,8299.0,21729.0,2984.0,4163.0,45
MSFT,2015-06-30,12141,MICROSOFT CORP,2015,4,176223.0,-3195.0,7878.0,22180.0,3094.0,5944.0,45
MSFT,2015-09-30,12141,MICROSOFT CORP,2016,1,172896.0,4902.0,7254.0,20379.0,2962.0,1356.0,45
MSFT,2015-12-31,12141,MICROSOFT CORP,2016,2,180098.0,5018.0,7570.0,23796.0,2900.0,3380.0,45
MSFT,2016-03-31,12141,MICROSOFT CORP,2016,3,181869.0,3756.0,6990.0,20531.0,2980.0,5688.0,45
MSFT,2016-06-30,12141,MICROSOFT CORP,2016,4,193694.0,3122.0,6100.0,20614.0,3146.0,8343.0,45
MSFT,2016-09-30,12141,MICROSOFT CORP,2017,1,212524.0,5667.0,8531.0,21928.0,3106.0,2163.0,45
MSFT,2016-12-31,12141,MICROSOFT CORP,2017,2,224610.0,6267.0,10071.0,25826.0,3062.0,4151.0,45
MSFT,2017-03-31,12141,MICROSOFT CORP,2017,3,225017.0,5486.0,9176.0,23212.0,3355.0,5846.0,45
MSFT,2017-06-30,12141,MICROSOFT CORP,2017,4,241086.0,8069.0,10331.0,25605.0,3514.0,8129.0,45
MSFT,2017-09-30,12141,MICROSOFT CORP,2018,1,249097.0,6576.0,10207.0,24538.0,3574.0,2132.0,45
MSFT,2017-12-31,12141,MICROSOFT CORP,2018,2,256003.0,-6302.0,11215.0,28918.0,3504.0,4718.0,45
MSFT,2018-03-31,12141,MICROSOFT CORP,2018,3,245497.0,7424.0,11002.0,26819.0,3715.0,7652.0,45
MSFT,2018-06-30,12141,MICROSOFT CORP,2018,4,258848.0,8873.0,12895.0,30085.0,3933.0,11632.0,45
MSFT,2018-09-30,12141,MICROSOFT CORP,2019,1,257619.0,8824.0,12792.0,29084.0,3977.0,3602.0,45
MSFT,2018-12-31,12141,MICROSOFT CORP,2019,2,258859.0,8420.0,13253.0,32471.0,4070.0,7309.0,45
MSFT,2019-03-31,12141,MICROSOFT CORP,2019,3,263281.0,8809.0,13267.0,30571.0,4316.0,9874.0,45
MSFT,2019-06-30,12141,MICROSOFT CORP,2019,4,286556.0,13187.0,15329.0,33717.0,4513.0,13925.0,45
MSFT,2019-09-30,12141,MICROSOFT CORP,2020,1,278955.0,10678.0,15657.0,33055.0,4565.0,3385.0,45
MSFT,2019-12-31,12141,MICROSOFT CORP,2020,2,282794.0,11649.0,17094.0,36906.0,4603.0,6930.0,45
MSFT,2020-03-31,12141,MICROSOFT CORP,2020,3,285449.0,10752.0,16093.0,35021.0,4887.0,10697.0,45
MSFT,2020-06-30,12141,MICROSOFT CORP,2020,4,301311.0,11202.0,16911.0,38033.0,5214.0,15441.0,45
MSFT,2020-09-30,12141,MICROSOFT CORP,2021,1,301001.0,13893.0,18521.0,37154.0,4926.0,4907.0,45
MSFT,2020-12-31,12141,MICROSOFT CORP,2021,2,304137.0,15463.0,20658.0,43076.0,4899.0,9081.0,45
MSFT,2021-03-31,12141,MICROSOFT CORP,2021,3,308879.0,15457.0,19984.0,41706.0,5204.0,14170.0,45
MSFT,2021-06-30,12141,MICROSOFT CORP,2021,4,333779.0,16458.0,22439.0,46152.0,5687.0,20622.0,45
MSFT,2021-09-30,12141,MICROSOFT CORP,2022,1,335418.0,20505.0,23450.0,45317.0,5599.0,5810.0,45
MSFT,2021-12-31,12141,MICROSOFT CORP,2022,2,340389.0,18765.0,25743.0,51728.0,5758.0,11675.0,45
MSFT,2022-03-31,12141,MICROSOFT CORP,2022,3,344607.0,16728.0,24137.0,49360.0,6306.0,17015.0,45
MSFT,2022-06-30,12141,MICROSOFT CORP,2022,4,364840.0,16740.0,24639.0,51865.0,6849.0,23886.0,45
MSFT,2022-09-30,12141,MICROSOFT CORP,2023,1,359784.0,17556.0,24308.0,50122.0,6628.0,6283.0,45
MSFT,2022-12-31,12141,MICROSOFT CORP,2023,2,364552.0,16425.0,25218.0,52747.0,6844.0,12557.0,45
MSFT,2023-03-31,12141,MICROSOFT CORP,2023,3,380088.0,18299.0,25901.0,52857.0,6984.0,19164.0,45
MSFT,2023-06-30,12141,MICROSOFT CORP,2023,4,411976.0,20081.0,28128.0,56189.0,6739.0,28107.0,45
MSFT,2023-09-30,12141,MICROSOFT CORP,2024,1,445785.0,22291.0,30816.0,56517.0,6659.0,9917.0,45
MSFT,2023-12-31,12141,MICROSOFT CORP,2024,2,470558.0,21870.0,32991.0,62020.0,7142.0,19652.0,45
MSFT,2024-03-31,12141,MICROSOFT CORP,2024,3,484275.0,21939.0,33608.0,61858.0,7653.0,30604.0,45
MSFT,2024-06-30,12141,MICROSOFT CORP,2024,4,512163.0,22036.0,34305.0,64727.0,8056.0,44477.0,45
MSFT,2024-09-30,12141,MICROSOFT CORP,2025,1,523013.0,24667.0,36652.0,65585.0,7544.0,14923.0,45
MSFT,2024-12-31,12141,MICROSOFT CORP,2025,2,533898.0,24108.0,38453.0,69632.0,7917.0,30727.0,45
MSFT,2025-03-31,12141,MICROSOFT CORP,2025,3,562624.0,25824.0,40740.0,70066.0,8198.0,47472.0,45
MSFT,2025-06-30,12141,MICROSOFT CORP,2025,4,619003.0,27233.0,45526.0,76441.0,8829.0,64551.0,45
MSFT,2025-09-30,12141,MICROSOFT CORP,2026,1,636351.0,27747.0,46561.0,77673.0,8146.0,19394.0,45
MSFT,2025-12-31,12141,MICROSOFT CORP,2026,2,665302.0,38458.0,47275.0,81273.0,8504.0,49270.0,45
NVDA,2017-10-31,117768,NVIDIA CORP,2017,3,9830.0,837.0,944.0,2636.0,463.0,177.0,45
NVDA,2005-01-31,117768,NVIDIA CORP,2004,4,1628.536,48.009,88.241,566.476,84.054,67.261,45
NVDA,2018-01-31,117768,NVIDIA CORP,2017,4,11241.0,1119.0,1127.0,2911.0,507.0,593.0,45
NVDA,2005-04-30,117768,NVIDIA CORP,2005,1,1635.094,65.522,103.706,583.846,87.835,13.504,45
NVDA,2005-07-31,117768,NVIDIA CORP,2005,2,1728.218,73.833,102.363,574.812,87.113,42.689,45
NVDA,2005-10-31,117768,NVIDIA CORP,2005,3,1805.508,64.447,108.252,583.415,88.829,56.155,45
NVDA,2006-01-31,117768,NVIDIA CORP,2005,4,1954.687,97.374,134.478,633.614,93.346,79.6,45
NVDA,2006-04-30,117768,NVIDIA CORP,2006,1,2200.828,92.064,125.54,681.807,123.202,20.667,45
NVDA,2006-07-31,117768,NVIDIA CORP,2006,2,2183.829,86.753,120.626,687.519,127.257,40.778,45
NVDA,2006-10-31,117768,NVIDIA CORP,2006,3,2531.153,106.511,160.144,820.572,140.732,69.564,45
NVDA,2007-01-31,117768,NVIDIA CORP,2006,4,2675.263,163.506,186.206,878.873,162.276,145.256,45
NVDA,2007-04-30,117768,NVIDIA CORP,2007,1,2800.868,132.259,172.58,844.28,158.321,37.627,45
NVDA,2007-07-31,117768,NVIDIA CORP,2007,2,3036.267,172.732,216.652,935.253,157.952,67.703,45
NVDA,2007-10-31,117768,NVIDIA CORP,2007,3,3475.263,235.661,280.871,1115.597,179.529,117.406,45
NVDA,2008-01-31,117768,NVIDIA CORP,2007,4,3747.671,256.993,303.435,1202.73,195.835,187.745,45
NVDA,2008-04-30,117768,NVIDIA CORP,2008,1,3807.458,176.805,244.337,1153.388,218.83,202.173,45
NVDA,2008-07-31,117768,NVIDIA CORP,2008,2,3960.049,-120.929,86.868,892.676,212.91,255.687,45
NVDA,2008-10-31,117768,NVIDIA CORP,2008,3,3648.898,61.748,118.938,897.655,212.36,364.695,45
NVDA,2009-01-31,117768,NVIDIA CORP,2008,4,3350.727,-147.665,-116.498,481.14,211.779,407.67,45
NVDA,2009-04-30,117768,NVIDIA CORP,2009,1,3178.704,-201.338,-40.066,664.231,301.797,20.777,45
NVDA,2009-07-31,117768,NVIDIA CORP,2009,2,3298.409,-105.302,58.269,776.52,192.855,38.433,45
NVDA,2009-10-31,117768,NVIDIA CORP,2009,3,3463.574,107.577,131.51,903.206,197.948,55.026,45
NVDA,2010-01-31,117768,NVIDIA CORP,2009,4,3585.918,131.076,182.196,982.488,216.251,77.601,45
NVDA,2010-04-30,117768,NVIDIA CORP,2010,1,3803.03,137.594,194.54,1001.813,218.105,17.08,45
NVDA,2010-07-31,117768,NVIDIA CORP,2010,2,3731.268,-140.961,65.264,811.208,210.635,54.724,45
NVDA,2010-10-31,117768,NVIDIA CORP,2010,3,3915.579,84.862,150.659,843.912,204.527,76.547,45
NVDA,2011-01-31,117768,NVIDIA CORP,2010,4,4495.246,171.651,169.171,886.376,215.563,97.89,45
NVDA,2011-04-30,117768,NVIDIA CORP,2011,1,4736.744,135.219,203.881,962.039,231.524,31.195,45
NVDA,2011-07-31,117768,NVIDIA CORP,2011,2,4864.424,151.573,233.751,1016.517,247.721,54.518,45
NVDA,2011-10-31,117768,NVIDIA CORP,2011,3,5089.043,178.273,255.89,1066.18,256.498,93.553,45
NVDA,2012-01-31,117768,NVIDIA CORP,2011,4,5552.928,116.025,186.564,953.194,266.862,138.735,45
NVDA,2012-04-30,117768,NVIDIA CORP,2012,1,5708.167,60.437,132.488,924.877,283.902,28.923,45
NVDA,2012-07-31,117768,NVIDIA CORP,2012,2,5891.881,119.046,220.739,1044.27,281.193,90.867,45
NVDA,2012-10-31,117768,NVIDIA CORP,2012,3,6075.144,209.08,314.031,1204.11,284.18,135.551,45
NVDA,2013-01-31,117768,NVIDIA CORP,2012,4,6412.245,173.973,246.347,1106.902,298.007,183.309,45
NVDA,2013-04-30,117768,NVIDIA CORP,2013,1,6279.527,77.891,147.471,954.739,327.161,65.667,45
NVDA,2013-07-31,117768,NVIDIA CORP,2013,2,5569.592,96.448,182.543,977.238,331.738,150.653,45
NVDA,2013-10-31,117768,NVIDIA CORP,2013,3,5711.373,118.734,210.526,1053.967,340.294,188.812,45
NVDA,2014-01-31,117768,NVIDIA CORP,2013,4,7250.894,146.917,232.345,1144.218,336.641,255.186,45
NVDA,2014-04-30,117768,NVIDIA CORP,2014,1,6864.663,136.516,206.442,1102.787,334.263,29.068,45
NVDA,2014-07-31,117768,NVIDIA CORP,2014,2,6933.719,127.976,218.786,1102.824,337.124,51.595,45
NVDA,2014-10-31,117768,NVIDIA CORP,2014,3,6885.869,172.967,268.795,1225.382,340.085,91.336,45
NVDA,2015-01-31,117768,NVIDIA CORP,2014,4,7201.368,193.128,285.091,1250.514,348.253,122.381,45
NVDA,2015-04-30,117768,NVIDIA CORP,2015,1,7291.0,134.0,230.0,1151.0,339.0,30.0,45
NVDA,2015-07-31,117768,NVIDIA CORP,2015,2,6979.0,26.0,227.0,1153.0,319.0,54.0,45
NVDA,2015-10-31,117768,NVIDIA CORP,2015,3,7174.0,246.0,301.0,1305.0,329.0,71.0,45
NVDA,2016-01-31,117768,NVIDIA CORP,2015,4,7370.0,208.0,337.0,1401.0,344.0,86.0,45
NVDA,2016-04-30,117768,NVIDIA CORP,2016,1,7108.0,208.0,307.0,1305.0,346.0,55.0,45
NVDA,2016-07-31,117768,NVIDIA CORP,2016,2,7461.0,261.0,365.0,1428.0,351.0,87.0,45
NVDA,2016-10-31,117768,NVIDIA CORP,2016,3,9612.0,543.0,688.0,2004.0,372.0,125.0,45
NVDA,2017-01-31,117768,NVIDIA CORP,2016,4,9841.0,654.0,779.0,2173.0,394.0,176.0,45
NVDA,2017-04-30,117768,NVIDIA CORP,2017,1,9410.0,507.0,601.0,1937.0,411.0,54.0,45
NVDA,2017-07-31,117768,NVIDIA CORP,2017,2,9402.0,584.0,737.0,2230.0,416.0,108.0,45
NVDA,2018-04-30,117768,NVIDIA CORP,2018,1,11460.0,1244.0,1354.0,3207.0,542.0,118.0,45
NVDA,2018-07-31,117768,NVIDIA CORP,2018,2,12882.0,1101.0,1216.0,3123.0,582.0,247.0,45
NVDA,2018-10-31,117768,NVIDIA CORP,2018,3,13657.0,1230.0,1141.0,3181.0,605.0,397.0,45
NVDA,2019-01-31,117768,NVIDIA CORP,2018,4,13292.0,566.0,399.0,2205.0,647.0,600.0,45
NVDA,2019-04-30,117768,NVIDIA CORP,2019,1,14021.0,394.0,460.0,2220.0,674.0,128.0,45
NVDA,2019-07-31,117768,NVIDIA CORP,2019,2,14775.0,553.0,665.0,2579.0,705.0,241.0,45
NVDA,2019-10-31,117768,NVIDIA CORP,2019,3,15810.0,898.0,1020.0,3014.0,712.0,344.0,45
NVDA,2020-01-31,117768,NVIDIA CORP,2019,4,17315.0,951.0,1097.0,3105.0,738.0,489.0,45
NVDA,2020-04-30,117768,NVIDIA CORP,2020,1,23254.0,917.0,1083.0,3080.0,735.0,155.0,45
NVDA,2020-07-31,117768,NVIDIA CORP,2020,2,25180.0,622.0,1259.0,3866.0,997.0,372.0,45
NVDA,2020-10-31,117768,NVIDIA CORP,2020,3,26881.0,1336.0,1738.0,4726.0,1046.0,845.0,45
NVDA,2021-01-31,117768,NVIDIA CORP,2020,4,28791.0,1457.0,1817.0,5003.0,1146.0,1128.0,45
NVDA,2021-04-30,117768,NVIDIA CORP,2021,1,30796.0,1912.0,2237.0,5661.0,1153.0,298.0,45
NVDA,2021-07-31,117768,NVIDIA CORP,2021,2,38650.0,2373.0,2730.0,6507.0,1245.0,481.0,45
NVDA,2021-10-31,117768,NVIDIA CORP,2021,3,40632.0,2464.0,2969.0,7103.0,1404.0,703.0,45
NVDA,2022-01-31,117768,NVIDIA CORP,2021,4,44187.0,3003.0,3279.0,7643.0,1466.0,976.0,45
NVDA,2022-04-30,117768,NVIDIA CORP,2022,1,45212.0,1618.0,3562.0,8288.0,1618.0,361.0,45
NVDA,2022-07-31,117768,NVIDIA CORP,2022,2,43476.0,656.0,877.0,6704.0,1825.0,794.0,45
NVDA,2022-10-31,117768,NVIDIA CORP,2022,3,40488.0,680.0,1023.0,5931.0,1944.0,1324.0,45
NVDA,2023-01-31,117768,NVIDIA CORP,2022,4,41182.0,1414.0,1720.0,6051.0,1952.0,1833.0,45
NVDA,2023-04-30,117768,NVIDIA CORP,2023,1,44460.0,2043.0,2524.0,7192.0,1875.0,248.0,45
NVDA,2023-07-31,117768,NVIDIA CORP,2023,2,49555.0,6189.0,7166.0,13507.0,2041.0,537.0,45
NVDA,2023-10-31,117768,NVIDIA CORP,2023,3,54148.0,9243.0,10789.0,18120.0,2294.0,815.0,45
NVDA,2024-01-31,117768,NVIDIA CORP,2023,4,65728.0,12285.0,14001.0,22103.0,2465.0,1069.0,45
NVDA,2024-04-30,117768,NVIDIA CORP,2024,1,77072.0,14881.0,17319.0,26044.0,2720.0,369.0,45
NVDA,2024-07-31,117768,NVIDIA CORP,2024,2,85227.0,16599.0,19075.0,30040.0,3090.0,1346.0,45
NVDA,2024-10-31,117768,NVIDIA CORP,2024,3,96013.0,19309.0,22346.0,35082.0,3390.0,2159.0,45
NVDA,2025-01-31,117768,NVIDIA CORP,2024,4,111601.0,22091.0,24577.0,39331.0,3714.0,3236.0,45
NVDA,2025-04-30,117768,NVIDIA CORP,2025,1,125254.0,18775.0,26787.0,44062.0,3989.0,1227.0,45
NVDA,2025-07-31,117768,NVIDIA CORP,2025,2,140740.0,26422.0,28929.0,46743.0,4291.0,3122.0,45
NVDA,2025-10-31,117768,NVIDIA CORP,2025,3,161148.0,31910.0,36761.0,57006.0,4705.0,4758.0,45
NVDA,2026-01-31,117768,NVIDIA CORP,2025,4,206803.0,42960.0,45111.0,68127.0,5512.0,6042.0,45
TM,2005-03-31,19661,TOYOTA MOTOR CORP,2004,4,226604.0,2331.124,,39619.598,7032.0,17909.0,25
TM,2005-06-30,19661,TOYOTA MOTOR CORP,2005,1,226342.322,2406.447,,44917.365,,,25
TM,2005-09-30,19661,TOYOTA MOTOR CORP,2005,2,231773.254,2629.478,,42938.227,3293.918,11839.191,25
TM,2005-12-31,19661,TOYOTA MOTOR CORP,2005,3,233671.523,3372.701,,45244.206,,,25
TM,2006-03-31,19661,TOYOTA MOTOR CORP,2005,4,244587.0,3272.374,,45983.202,6918.0,23591.0,25
TM,2006-06-30,19661,TOYOTA MOTOR CORP,2006,1,251011.686,3244.293,,49236.853,,,25
TM,2006-09-30,19661,TOYOTA MOTOR CORP,2006,2,254664.352,3342.841,14826.546,47990.785,3332.672,12486.236,25
TM,2006-12-31,19661,TOYOTA MOTOR CORP,2006,3,260602.094,3585.708,,51643.287,,,25
TM,2007-03-31,19661,TOYOTA MOTOR CORP,2006,4,275941.0,3754.158,15849.454,53993.075,,24022.0,25
TM,2007-06-30,19661,TOYOTA MOTOR CORP,2007,1,277046.228,3983.637,,52861.958,,,25
TM,2007-09-30,19661,TOYOTA MOTOR CORP,2007,2,294778.469,4213.371,17626.146,60317.209,,12382.525,25
TM,2007-12-31,19661,TOYOTA MOTOR CORP,2007,3,308833.078,4345.092,,63368.967,,,25
TM,2008-03-31,19661,TOYOTA MOTOR CORP,2007,4,323968.0,4603.9,19917.854,85845.866,9571.0,27548.0,25
TM,2008-06-30,19661,TOYOTA MOTOR CORP,2008,1,321232.0,3323.0,7200.0,58402.0,,6340.0,25
TM,2008-09-30,19661,TOYOTA MOTOR CORP,2008,2,317646.0,1442.0,5582.0,59300.0,,12927.0,25
TM,2008-12-31,19661,TOYOTA MOTOR CORP,2008,3,325069.0,-1153.0,1838.0,68975.0,,20123.0,25
TM,2009-03-31,19661,TOYOTA MOTOR CORP,2008,4,295857.0,-8060.0,-4092.0,22318.0,9204.0,23668.0,25
TM,2009-06-30,19661,TOYOTA MOTOR CORP,2009,1,304963.0,-807.0,1450.0,39785.0,,4030.0,25
TM,2009-09-30,19661,TOYOTA MOTOR CORP,2009,2,318904.0,181.0,4691.0,53830.0,,7743.0,25
TM,2009-12-31,19661,TOYOTA MOTOR CORP,2009,3,317496.0,1671.0,5666.0,53254.0,,11131.0,25
TM,2010-03-31,19661,TOYOTA MOTOR CORP,2009,4,324939.0,1198.0,4918.0,56032.0,7766.0,15392.0,25
TM,2010-06-30,19661,TOYOTA MOTOR CORP,2010,1,336553.0,2152.0,5704.0,55055.0,,5117.0,25
TM,2010-09-30,19661,TOYOTA MOTOR CORP,2010,2,352422.0,1310.0,5170.0,60813.0,,10700.0,25
TM,2010-12-31,19661,TOYOTA MOTOR CORP,2010,3,357957.0,1225.0,5071.0,59859.0,,15388.0,25
TM,2011-03-31,19661,TOYOTA MOTOR CORP,2010,4,360297.0,245.0,4160.0,53776.0,10924.0,20435.0,25
TM,2011-06-30,19661,TOYOTA MOTOR CORP,2011,1,363156.0,14.0,1839.0,42672.0,,4587.0,25
TM,2011-09-30,19661,TOYOTA MOTOR CORP,2011,2,368478.0,1045.0,4508.0,61377.0,,8978.0,25
TM,2011-12-31,19661,TOYOTA MOTOR CORP,2011,3,373625.0,1052.0,5461.0,63282.0,,13229.0,25
TM,2012-03-31,19661,TOYOTA MOTOR CORP,2011,4,371933.0,1330.0,5465.0,58171.0,9463.0,18591.0,25
TM,2012-06-30,19661,TOYOTA MOTOR CORP,2012,1,376266.0,3638.0,7597.0,68933.0,,5501.0,25
TM,2012-09-30,19661,TOYOTA MOTOR CORP,2012,2,386302.0,3398.0,7889.0,71061.0,,10813.0,25
TM,2012-12-31,19661,TOYOTA MOTOR CORP,2012,3,371157.0,445.0,3182.0,47299.0,,15496.0,25
TM,2013-03-31,19661,TOYOTA MOTOR CORP,2012,4,376841.0,2737.0,7097.0,47034.0,8575.0,20966.0,25
TM,2013-06-30,19661,TOYOTA MOTOR CORP,2013,1,374642.0,5667.0,9587.0,63051.0,,6484.0,25
TM,2013-09-30,19661,TOYOTA MOTOR CORP,2013,2,389121.0,4513.0,9242.0,64505.0,,13297.0,25
TM,2013-12-31,19661,TOYOTA MOTOR CORP,2013,3,384970.0,4320.0,7492.0,54131.0,,18438.0,25
TM,2014-03-31,19661,TOYOTA MOTOR CORP,2013,4,402384.0,3204.0,8084.0,67797.0,8842.0,26012.0,25
TM,2014-06-30,19661,TOYOTA MOTOR CORP,2014,1,409318.0,5803.0,9960.0,63100.0,,7862.0,25
TM,2014-09-30,19661,TOYOTA MOTOR CORP,2014,2,399271.0,4473.0,8279.0,54952.0,,14204.0,25
TM,2014-12-31,19661,TOYOTA MOTOR CORP,2014,3,389839.0,4133.0,7898.0,49788.0,,19803.0,25
TM,2015-03-31,19661,TOYOTA MOTOR CORP,2014,4,397881.0,3708.0,8538.0,59190.0,8374.0,27989.0,25
TM,2015-06-30,19661,TOYOTA MOTOR CORP,2015,1,399848.0,5294.0,9317.0,57229.0,2176.0,8662.0,25
TM,2015-09-30,19661,TOYOTA MOTOR CORP,2015,2,405430.0,5207.0,10448.0,60386.0,2246.0,17146.0,25
TM,2015-12-31,19661,TOYOTA MOTOR CORP,2015,3,406776.0,5181.0,9628.0,60579.0,2231.0,25346.0,25
TM,2016-03-31,19661,TOYOTA MOTOR CORP,2015,4,421879.0,4890.0,10457.0,74458.0,2737.0,36108.0,25
TM,2016-06-30,19661,TOYOTA MOTOR CORP,2016,1,433243.0,5376.0,9969.0,64115.0,2667.0,9342.0,25
TM,2016-09-30,19661,TOYOTA MOTOR CORP,2016,2,432527.0,3973.0,8645.0,65028.0,2593.0,17697.0,25
TM,2016-12-31,19661,TOYOTA MOTOR CORP,2016,3,411984.0,2919.0,4765.0,43444.0,1538.0,22351.0,25
TM,2017-03-31,19661,TOYOTA MOTOR CORP,2016,4,437575.0,4168.0,8982.0,75121.0,2515.0,31787.0,25
TM,2017-06-30,19661,TOYOTA MOTOR CORP,2017,1,440000.0,5454.0,8673.0,62701.0,2439.0,7763.0,25
TM,2017-09-30,19661,TOYOTA MOTOR CORP,2017,2,446138.0,4057.0,8468.0,63286.0,2449.0,15732.0,25
TM,2017-12-31,19661,TOYOTA MOTOR CORP,2017,3,454490.0,8354.0,9935.0,67437.0,2344.0,23262.0,25
TM,2018-03-31,19661,TOYOTA MOTOR CORP,2017,4,473712.0,5619.0,11851.0,83220.0,2789.0,33886.0,25
TM,2018-06-30,19661,TOYOTA MOTOR CORP,2018,1,460564.0,5930.0,9889.0,66426.0,2422.0,9272.0,25
TM,2018-09-30,19661,TOYOTA MOTOR CORP,2018,2,462770.0,5018.0,8855.0,62881.0,2430.0,16939.0,25
TM,2018-12-31,19661,TOYOTA MOTOR CORP,2018,3,465618.0,2025.0,10965.0,75544.0,2453.0,25998.0,25
TM,2019-03-31,19661,TOYOTA MOTOR CORP,2018,4,468714.0,4019.0,8736.0,67925.0,2161.0,33742.0,25
TM,2019-06-30,19661,TOYOTA MOTOR CORP,2019,1,483546.0,6337.0,10579.0,70940.0,2759.0,9264.0,25
TM,2019-09-30,19661,TOYOTA MOTOR CORP,2019,2,483307.0,5459.0,9667.0,70477.0,2648.0,17734.0,25
TM,2019-12-31,19661,TOYOTA MOTOR CORP,2019,3,495050.0,6727.0,9682.0,68654.0,2625.0,25616.0,25
TM,2020-03-31,19661,TOYOTA MOTOR CORP,2019,4,489584.0,772.0,7695.0,68082.0,2287.0,33412.0,25
TM,2020-06-30,19661,TOYOTA MOTOR CORP,2020,1,518702.0,1473.0,3820.0,42678.0,2604.0,6911.0,25
TM,2020-09-30,19661,TOYOTA MOTOR CORP,2020,2,535551.0,4495.0,8797.0,65176.0,2778.0,14886.0,25
TM,2020-12-31,19661,TOYOTA MOTOR CORP,2020,3,555826.0,8098.0,13503.0,79227.0,2603.0,24431.0,25
TM,2021-03-31,19661,TOYOTA MOTOR CORP,2020,4,562983.0,6234.0,8617.0,58977.0,1874.0,31550.0,25
TM,2021-06-30,19661,TOYOTA MOTOR CORP,2021,1,555528.0,8090.0,12951.0,71505.0,2529.0,9682.0,25
TM,2021-09-30,19661,TOYOTA MOTOR CORP,2021,2,553691.0,5578.0,10528.0,67291.0,2403.0,17560.0,25
TM,2021-12-31,19661,TOYOTA MOTOR CORP,2021,3,552554.0,6450.0,10173.0,63290.0,2406.0,23304.0,25
TM,2022-03-31,19661,TOYOTA MOTOR CORP,2021,4,557408.0,3352.0,6020.0,56320.0,1920.0,28691.0,25
TM,2022-06-30,19661,TOYOTA MOTOR CORP,2022,1,529346.0,5422.0,7963.0,62484.0,2224.0,6127.0,25
TM,2022-09-30,19661,TOYOTA MOTOR CORP,2022,2,514797.0,2672.0,6950.0,59914.0,1578.0,11504.0,25
TM,2022-12-31,19661,TOYOTA MOTOR CORP,2022,3,542802.0,6307.0,12635.0,85864.0,2605.0,18971.0,25
TM,2023-03-31,19661,TOYOTA MOTOR CORP,2022,4,558933.0,4039.0,8295.0,71225.0,2933.0,25257.0,25
TM,2023-06-30,19661,TOYOTA MOTOR CORP,2023,1,554218.0,9070.0,11251.0,72946.0,2039.0,7572.0,25
TM,2023-09-30,19661,TOYOTA MOTOR CORP,2023,2,560118.0,8266.0,12713.0,74222.0,2038.0,14371.0,25
TM,2023-12-31,19661,TOYOTA MOTOR CORP,2023,3,597573.0,10667.0,17011.0,94202.0,2294.0,23342.0,25
TM,2024-03-31,19661,TOYOTA MOTOR CORP,2023,4,595788.0,4690.0,8216.0,56776.0,1816.0,31167.0,25
TM,2024-06-30,19661,TOYOTA MOTOR CORP,2024,1,584573.0,8289.0,11712.0,73589.0,1894.0,8913.0,25
TM,2024-09-30,19661,TOYOTA MOTOR CORP,2024,2,622411.0,5023.0,13362.0,88924.0,2570.0,19493.0,25
TM,2024-12-31,19661,TOYOTA MOTOR CORP,2024,3,602166.0,12768.0,9052.0,64385.0,1746.0,27079.0,25
TM,2025-03-31,19661,TOYOTA MOTOR CORP,2024,4,625056.0,5741.0,12931.0,93884.0,2648.0,32746.0,25
TM,2025-06-30,19661,TOYOTA MOTOR CORP,2025,1,647866.0,5832.0,11907.0,84932.0,2466.0,8134.0,25
TM,2025-09-30,19661,TOYOTA MOTOR CORP,2025,2,659342.0,6152.0,9291.0,81505.0,1855.0,15971.0,25
TM,2025-12-31,19661,TOYOTA MOTOR CORP,2025,3,652760.0,7347.0,10323.0,76488.0,2588.0,22913.0,25
TSLA,2008-03-31,184996,TESLA INC,2008,1,,,,,,,25
TSLA,2008-06-30,184996,TESLA INC,2008,2,,,,,,,25
TSLA,2008-09-30,184996,TESLA INC,2008,3,,,,,,,25
TSLA,2008-12-31,184996,TESLA INC,2008,4,51.699,-82.782,-74.347,14.742,53.714,10.63,25
TSLA,2009-03-31,184996,TESLA INC,2009,1,,-16.016,-15.222,20.886,7.941,,25
TSLA,2009-06-30,184996,TESLA INC,2009,2,,-10.867,-6.402,26.945,1.941,,25
TSLA,2009-09-30,184996,TESLA INC,2009,3,,-4.615,-2.343,45.527,1.257,,25
TSLA,2009-12-31,184996,TESLA INC,2009,4,130.424,-24.242,-20.99,18.585,8.143,11.884,25
TSLA,2010-03-31,184996,TESLA INC,2010,1,145.32,-29.519,-23.857,20.812,13.265,5.472,25
TSLA,2010-06-30,184996,TESLA INC,2010,2,147.974,-38.517,-28.879,28.405,15.416,17.672,25
TSLA,2010-09-30,184996,TESLA INC,2010,3,361.621,-34.934,-34.724,31.241,26.698,23.055,25
TSLA,2010-12-31,184996,TESLA INC,2010,4,386.082,-51.358,-48.755,36.286,37.617,40.203,25
TSLA,2011-03-31,184996,TESLA INC,2011,1,407.289,-48.941,-43.829,49.03,41.162,20.476,25
TSLA,2011-06-30,184996,TESLA INC,2011,2,646.155,-58.903,-54.421,58.171,52.531,74.79,25
TSLA,2011-09-30,184996,TESLA INC,2011,3,700.25,-65.078,-60.196,57.666,54.083,143.634,25
TSLA,2011-12-31,184996,TESLA INC,2011,4,713.448,-81.489,-76.123,39.375,61.205,197.896,25
TSLA,2012-03-31,184996,TESLA INC,2012,1,761.1,-89.873,-84.6,30.167,68.391,67.987,25
TSLA,2012-06-30,184996,TESLA INC,2012,2,776.869,-105.603,-101.827,26.653,74.854,129.273,25
TSLA,2012-09-30,184996,TESLA INC,2012,3,809.177,-110.806,-100.94,50.104,61.901,197.745,25
TSLA,2012-12-31,184996,TESLA INC,2012,4,1114.19,-89.931,-78.091,306.332,68.832,239.228,25
TSLA,2013-03-31,184996,TESLA INC,2013,1,1143.778,11.248,12.266,561.792,54.859,57.727,25
TSLA,2013-06-30,184996,TESLA INC,2013,2,1887.844,-30.502,10.406,405.139,52.312,98.242,25
TSLA,2013-09-30,184996,TESLA INC,2013,3,2166.209,-38.496,-2.104,431.346,56.352,174.79,25
TSLA,2013-12-31,184996,TESLA INC,2013,4,2416.93,-16.264,24.232,615.219,68.453,264.224,25
TSLA,2014-03-31,184996,TESLA INC,2014,1,4500.41,-49.802,0.299,620.542,81.545,141.364,25
TSLA,2014-06-30,184996,TESLA INC,2014,2,5054.463,-61.9,25.962,769.349,107.717,317.049,25
TSLA,2014-09-30,184996,TESLA INC,2014,3,5437.533,-74.709,25.843,851.804,135.873,601.224,25
TSLA,2014-12-31,184996,TESLA INC,2014,4,5849.251,-107.629,-6.862,956.661,139.565,969.885,25
TSLA,2015-03-31,184996,TESLA INC,2015,1,6120.03,-154.181,-25.334,939.88,167.154,426.06,25
TSLA,2015-06-30,184996,TESLA INC,2015,2,6468.185,-184.227,-78.799,954.976,181.712,831.225,25
TSLA,2015-09-30,184996,TESLA INC,2015,3,7547.497,-229.858,-73.296,936.789,178.791,1223.628,25
TSLA,2015-12-31,184996,TESLA INC,2015,4,8092.46,-320.397,-116.61,1214.38,190.243,1634.85,25
TSLA,2016-03-31,184996,TESLA INC,2016,1,9191.702,-282.267,-91.764,1147.048,182.482,216.859,25
TSLA,2016-06-30,184996,TESLA INC,2016,2,11868.952,-293.188,-54.808,1270.017,191.664,511.579,25
TSLA,2016-09-30,184996,TESLA INC,2016,3,12592.397,21.878,366.089,2298.436,214.302,759.19,25
TSLA,2016-12-31,184996,TESLA INC,2016,4,22664.076,-121.337,81.942,2284.631,245.96,1440.471,25
TSLA,2017-03-31,184996,TESLA INC,2017,1,25053.726,-330.277,186.053,2696.27,322.04,772.572,25
TSLA,2017-06-30,184996,TESLA INC,2017,2,26043.705,-336.397,148.255,2789.557,369.774,1930.484,25
TSLA,2017-09-30,184996,TESLA INC,2017,3,28107.074,-619.376,-134.856,2984.675,331.622,3175.211,25
TSLA,2017-12-31,184996,TESLA INC,2017,4,28655.372,-675.35,-128.535,3288.249,354.637,4081.354,25
TSLA,2018-03-31,184996,TESLA INC,2018,1,27271.429,-709.551,-180.741,3408.751,367.096,728.637,25
TSLA,2018-06-30,184996,TESLA INC,2018,2,27910.0,-717.539,-45.967,4002.231,399.393,1405.85,25
TSLA,2018-09-30,184996,TESLA INC,2018,3,29262.713,311.516,945.766,6824.413,350.848,1965.615,25
TSLA,2018-12-31,184996,TESLA INC,2018,4,29739.614,139.483,915.888,7225.873,356.297,2319.516,25
TSLA,2019-03-31,184996,TESLA INC,2019,1,28912.524,-702.135,-10.783,4541.464,340.174,305.193,25
TSLA,2019-06-30,184996,TESLA INC,2019,2,31872.597,-408.334,528.459,6349.676,276.872,573.067,25
TSLA,2019-09-30,184996,TESLA INC,2019,3,32795.0,143.469,792.324,6302.86,333.954,983.0,25
TSLA,2019-12-31,184996,TESLA INC,2019,4,34309.0,105.0,877.0,7384.0,439.0,1432.0,25
TSLA,2020-03-31,184996,TESLA INC,2020,1,37250.0,16.0,860.0,5985.0,324.0,481.0,25
TSLA,2020-06-30,184996,TESLA INC,2020,2,38135.0,104.0,1103.0,6036.0,279.0,1047.0,25
TSLA,2020-09-30,184996,TESLA INC,2020,3,45691.0,331.0,1350.0,8771.0,366.0,2068.0,25
TSLA,2020-12-31,184996,TESLA INC,2020,4,52148.0,270.0,1193.0,10744.0,522.0,3232.0,25
TSLA,2021-03-31,184996,TESLA INC,2021,1,52972.0,438.0,1114.0,10389.0,666.0,1360.0,25
TSLA,2021-06-30,184996,TESLA INC,2021,2,55146.0,1142.0,2016.0,11958.0,576.0,2875.0,25
TSLA,2021-09-30,184996,TESLA INC,2021,3,57834.0,1618.0,2816.0,13757.0,611.0,4700.0,25
TSLA,2021-12-31,184996,TESLA INC,2021,4,62131.0,2321.0,3461.0,17719.0,740.0,6514.0,25
TSLA,2022-03-31,184996,TESLA INC,2022,1,66038.0,3318.0,4483.0,18756.0,865.0,1772.0,25
TSLA,2022-06-30,184996,TESLA INC,2022,2,68513.0,2259.0,3528.0,16934.0,667.0,3502.0,25
TSLA,2022-09-30,184996,TESLA INC,2022,3,74426.0,3292.0,4644.0,21454.0,733.0,5305.0,25
TSLA,2022-12-31,184996,TESLA INC,2022,4,82338.0,3687.0,4924.0,24318.0,810.0,7163.0,25
TSLA,2023-03-31,184996,TESLA INC,2023,1,86833.0,2513.0,3710.0,23329.0,771.0,2073.0,25
TSLA,2023-06-30,184996,TESLA INC,2023,2,90591.0,2703.0,3553.0,24927.0,943.0,4133.0,25
TSLA,2023-09-30,184996,TESLA INC,2023,3,93941.0,1853.0,2999.0,23350.0,1161.0,6592.0,25
TSLA,2023-12-31,184996,TESLA INC,2023,4,106618.0,7928.0,3296.0,25167.0,1094.0,8899.0,25
TSLA,2024-03-31,184996,TESLA INC,2024,1,109226.0,1390.0,2417.0,21301.0,1151.0,2777.0,25
TSLA,2024-06-30,184996,TESLA INC,2024,2,112832.0,1400.0,3505.0,25500.0,1074.0,5049.0,25
TSLA,2024-09-30,184996,TESLA INC,2024,3,119852.0,2173.0,4120.0,25182.0,1039.0,8562.0,25
TSLA,2024-12-31,184996,TESLA INC,2024,4,122070.0,2128.0,3086.0,25707.0,1276.0,11342.0,25
TSLA,2025-03-31,184996,TESLA INC,2025,1,125111.0,409.0,1940.0,19335.0,1409.0,1492.0,25
TSLA,2025-06-30,184996,TESLA INC,2025,2,128567.0,1172.0,2356.0,22496.0,1589.0,3886.0,25
TSLA,2025-09-30,184996,TESLA INC,2025,3,133735.0,1373.0,3487.0,28095.0,1630.0,6134.0,25
TSLA,2025-12-31,184996,TESLA INC,2025,4,137806.0,840.0,3214.0,24901.0,1783.0,8527.0,25
VWAGY,2005-03-31,100737,VOLKSWAGEN AG,2005,1,166965.5,83.002,3199.453,27059.819,1137.381,1967.397,25
VWAGY,2005-06-30,100737,VOLKSWAGEN AG,2005,2,160949.372,387.61,3362.502,27920.752,1143.092,3881.038,25
VWAGY,2005-09-30,100737,VOLKSWAGEN AG,2005,3,161888.296,327.628,3170.057,28113.519,1211.524,5786.634,25
VWAGY,2005-12-31,100737,VOLKSWAGEN AG,2005,4,157594.52,528.064,1811.569,28215.973,1340.723,8744.133,25
VWAGY,2006-03-31,100737,VOLKSWAGEN AG,2006,1,,396.945,3277.529,30756.584,1155.633,,25
VWAGY,2006-06-30,100737,VOLKSWAGEN AG,2006,2,171744.648,1118.644,4153.46,35556.203,1453.839,3763.416,25
VWAGY,2006-09-30,100737,VOLKSWAGEN AG,2006,3,171166.661,18.269,2779.509,31415.174,1394.545,5416.08,25
VWAGY,2006-12-31,100737,VOLKSWAGEN AG,2006,4,180274.979,2093.997,2854.533,40675.577,2050.768,8256.043,25
VWAGY,2007-03-31,100737,VOLKSWAGEN AG,2007,1,189766.36,989.676,4083.082,35628.336,1666.4,2181.299,25
VWAGY,2007-06-30,100737,VOLKSWAGEN AG,2007,2,193719.968,1658.892,5069.958,38531.568,2105.68,4540.016,25
VWAGY,2007-09-30,100737,VOLKSWAGEN AG,2007,3,203690.02,1483.473,5186.821,40954.276,1871.441,7049.78,25
VWAGY,2007-12-31,100737,VOLKSWAGEN AG,2007,4,212264.827,1884.395,2865.394,43908.109,2125.275,10807.68,25
VWAGY,2008-03-31,100737,VOLKSWAGEN AG,2008,1,235970.231,1468.285,4585.03,42694.047,1809.673,2492.449,25
VWAGY,2008-06-30,100737,VOLKSWAGEN AG,2008,2,243506.6,2582.101,5501.564,46282.153,2431.263,5766.917,25
VWAGY,2008-09-30,100737,VOLKSWAGEN AG,2008,3,240265.511,1272.232,816.324,31320.599,1430.891,8271.179,25
VWAGY,2008-12-31,100737,VOLKSWAGEN AG,2008,4,233726.456,1293.083,-4532.193,38112.556,1429.647,13832.702,25
VWAGY,2009-03-31,100737,VOLKSWAGEN AG,2009,1,229159.363,348.764,1511.754,31825.074,1664.256,2454.611,25
VWAGY,2009-06-30,100737,VOLKSWAGEN AG,2009,2,244744.336,418.13,3312.528,39960.13,2415.564,5240.676,25
VWAGY,2009-09-30,100737,VOLKSWAGEN AG,2009,3,258634.992,285.003,3160.772,41096.95,2196.45,8536.605,25
VWAGY,2009-12-31,100737,VOLKSWAGEN AG,2009,4,253931.51,323.975,-6227.951,37871.854,1504.573,8546.172,25
VWAGY,2010-03-31,100737,VOLKSWAGEN AG,2010,1,254452.465,572.15,3240.83,38747.932,2035.663,1236.276,25
VWAGY,2010-06-30,100737,VOLKSWAGEN AG,2010,2,237167.136,1485.363,4187.85,37221.51,2255.125,2421.327,25
VWAGY,2010-09-30,100737,VOLKSWAGEN AG,2010,3,266217.813,3080.945,5922.061,49903.733,2732.768,4627.06,25
VWAGY,2010-12-31,100737,VOLKSWAGEN AG,2010,4,264574.572,3930.904,-550.137,42478.59,2086.939,7640.29,25
VWAGY,2011-03-31,100737,VOLKSWAGEN AG,2011,1,302459.567,2262.189,6901.448,53143.701,2694.77,1365.823,25
VWAGY,2011-06-30,100737,VOLKSWAGEN AG,2011,2,316855.553,6839.375,6212.821,59797.313,2556.747,3765.814,25
VWAGY,2011-09-30,100737,VOLKSWAGEN AG,2011,3,307737.328,8793.675,5378.105,43442.613,2111.811,5826.107,25
VWAGY,2011-12-31,100737,VOLKSWAGEN AG,2011,4,329029.01,2094.857,2927.346,50324.263,2021.34,10491.264,25
VWAGY,2012-03-31,100737,VOLKSWAGEN AG,2012,1,353242.995,4170.875,7528.376,63104.488,2805.474,2302.782,25
VWAGY,2012-06-30,100737,VOLKSWAGEN AG,2012,2,348316.794,6969.364,6199.936,57720.362,2808.985,4398.33,25
VWAGY,2012-09-30,100737,VOLKSWAGEN AG,2012,3,397215.689,14647.611,7063.696,64592.096,3365.458,7820.305,25
VWAGY,2012-12-31,100737,VOLKSWAGEN AG,2012,4,408296.578,2841.593,5006.401,68645.628,2691.013,13836.07,25
VWAGY,2013-03-31,100737,VOLKSWAGEN AG,2013,1,412381.714,2596.522,5929.963,59677.704,3146.328,2200.507,25
VWAGY,2013-06-30,100737,VOLKSWAGEN AG,2013,2,415138.692,3723.736,8087.011,68714.083,3428.926,5258.642,25
VWAGY,2013-09-30,100737,VOLKSWAGEN AG,2013,3,437719.193,2773.909,7519.918,68776.619,3728.942,8973.705,25
VWAGY,2013-12-31,100737,VOLKSWAGEN AG,2013,4,446898.441,3435.077,5810.289,74287.539,3731.093,15688.769,25
VWAGY,2014-03-31,100737,VOLKSWAGEN AG,2014,1,460026.429,3328.524,7463.001,65896.769,3697.747,2309.025,25
VWAGY,2014-06-30,100737,VOLKSWAGEN AG,2014,2,460153.756,4394.005,7663.08,69371.383,3796.159,3280.124,25
VWAGY,2014-09-30,100737,VOLKSWAGEN AG,2014,3,438580.542,3147.654,4757.967,51270.138,3050.474,4292.257,25
VWAGY,2014-12-31,100737,VOLKSWAGEN AG,2014,4,424998.011,2421.556,834.075,58456.136,3426.225,14535.721,25
VWAGY,2015-03-31,100737,VOLKSWAGEN AG,2015,1,403676.855,3147.113,8487.538,56642.664,3126.705,2298.574,25
VWAGY,2015-06-30,100737,VOLKSWAGEN AG,2015,2,417180.793,3161.589,10014.718,64686.086,3564.58,5379.574,25
VWAGY,2015-09-30,100737,VOLKSWAGEN AG,2015,3,414568.958,-1863.994,3246.9,57556.81,3388.001,8532.233,25
VWAGY,2015-12-31,100737,VOLKSWAGEN AG,2015,4,414743.217,-5932.391,1616.154,52728.223,2791.887,14347.997,25
VWAGY,2016-03-31,100737,VOLKSWAGEN AG,2016,1,452099.853,2690.318,8558.446,58047.996,3282.598,2470.491,25
VWAGY,2016-06-30,100737,VOLKSWAGEN AG,2016,2,442856.473,1251.416,9878.233,61025.896,3160.09,5142.015,25
VWAGY,2016-09-30,100737,VOLKSWAGEN AG,2016,3,453891.582,2695.429,9351.524,60657.69,3047.803,9034.228,25
VWAGY,2016-12-31,100737,VOLKSWAGEN AG,2016,4,432349.206,-971.794,3681.027,49528.556,2653.806,13877.99,25
VWAGY,2017-03-31,100737,VOLKSWAGEN AG,2017,1,455259.809,3606.296,10092.493,60119.551,2967.625,2035.829,25
VWAGY,2017-06-30,100737,VOLKSWAGEN AG,2017,2,474979.452,3775.48,12988.536,71505.193,3360.916,4937.54,25
VWAGY,2017-09-30,100737,VOLKSWAGEN AG,2017,3,493175.031,1522.863,12655.66,69273.041,3400.646,8623.49,25
VWAGY,2017-12-31,100737,VOLKSWAGEN AG,2017,4,507560.425,4864.158,10802.878,75067.225,4233.164,15691.115,25
VWAGY,2018-03-31,100737,VOLKSWAGEN AG,2018,1,532309.008,4064.368,12400.08,71736.896,3803.184,2436.896,25
VWAGY,2018-06-30,100737,VOLKSWAGEN AG,2018,2,514680.84,3645.647,14156.768,67548.586,3316.446,5378.809,25
VWAGY,2018-09-30,100737,VOLKSWAGEN AG,2018,3,515724.834,3172.496,11327.444,63557.278,3520.041,9470.783,25
VWAGY,2018-12-31,100737,VOLKSWAGEN AG,2018,4,524541.7,3011.966,9727.419,67180.192,3231.908,15717.154,25
VWAGY,2019-03-31,100737,VOLKSWAGEN AG,2019,1,528891.157,3418.776,12737.915,67356.397,3621.927,2310.985,25
VWAGY,2019-06-30,100737,VOLKSWAGEN AG,2019,2,546216.4,4711.067,13636.278,75117.273,3800.082,6031.378,25
VWAGY,2019-09-30,100737,VOLKSWAGEN AG,2019,3,533997.738,3940.077,10730.806,61018.271,3304.507,9098.511,25
VWAGY,2019-12-31,100737,VOLKSWAGEN AG,2019,4,547704.823,3512.709,13545.837,80007.313,4085.173,15968.659,25
VWAGY,2020-03-31,100737,VOLKSWAGEN AG,2020,1,539702.553,574.7,9583.092,60496.231,3408.641,2336.161,25
VWAGY,2020-06-30,100737,VOLKSWAGEN AG,2020,2,563000.604,-1657.365,5552.838,47692.647,3309.061,4756.075,25
VWAGY,2020-09-30,100737,VOLKSWAGEN AG,2020,3,588567.462,3158.737,12573.988,74387.995,3936.256,7692.503,25
VWAGY,2020-12-31,100737,VOLKSWAGEN AG,2020,4,599214.256,8612.086,23952.927,86084.381,3878.176,13588.315,25
VWAGY,2021-03-31,100737,VOLKSWAGEN AG,2021,1,600131.011,3966.014,14555.354,73212.216,3828.688,2299.326,25
VWAGY,2021-06-30,100737,VOLKSWAGEN AG,2021,2,613146.509,5961.828,15288.642,80535.944,3902.057,4581.534,25
VWAGY,2021-09-30,100737,VOLKSWAGEN AG,2021,3,598942.184,3133.712,9624.636,62533.04,3647.84,6981.075,25
VWAGY,2021-12-31,100737,VOLKSWAGEN AG,2021,4,601200.612,4432.79,13279.17,68277.695,3167.811,12118.205,25
VWAGY,2022-03-31,100737,VOLKSWAGEN AG,2022,1,603792.406,7446.204,,69664.167,,1939.59,25
VWAGY,2022-06-30,100737,VOLKSWAGEN AG,2022,2,571651.027,3905.799,,72033.313,7522.631,4362.192,25
VWAGY,2022-09-30,100737,VOLKSWAGEN AG,2022,3,562862.698,1101.996,,57241.938,2827.102,7166.859,25
VWAGY,2022-12-31,100737,VOLKSWAGEN AG,2022,4,603595.692,4065.55,,99293.104,4964.275,13838.073,25
VWAGY,2023-03-31,100737,VOLKSWAGEN AG,2023,1,617998.1,4723.73,14853.456,82782.599,4052.325,2699.74,25
VWAGY,2023-06-30,100737,VOLKSWAGEN AG,2023,2,634629.224,3723.16,15954.71,87811.384,4250.453,6243.733,25
VWAGY,2023-09-30,100737,VOLKSWAGEN AG,2023,3,629282.144,4010.119,11930.91,78230.796,4047.335,9427.955,25
VWAGY,2023-12-31,100737,VOLKSWAGEN AG,2023,4,663580.829,5890.619,16638.973,107410.348,5140.872,16195.52,25
VWAGY,2024-03-31,100737,VOLKSWAGEN AG,2024,1,671262.87,3664.825,13315.064,81410.475,4979.933,3006.732,25
VWAGY,2024-06-30,100737,VOLKSWAGEN AG,2024,2,675440.293,3445.456,18683.346,88739.113,4977.247,6453.47,25
VWAGY,2024-09-30,100737,VOLKSWAGEN AG,2024,3,704255.88,1817.406,12071.742,94496.367,5638.572,11001.68,25
VWAGY,2024-12-31,100737,VOLKSWAGEN AG,2024,4,655254.521,2756.643,12120.872,71474.492,3001.568,17809.447,25
VWAGY,2025-03-31,100737,VOLKSWAGEN AG,2025,1,691037.343,2142.165,12824.889,83825.444,4720.977,3097.601,25
VWAGY,2025-06-30,100737,VOLKSWAGEN AG,2025,2,748920.666,2927.886,16498.494,102163.341,5819.609,7619.757,25
